paper_title,arxiv_id,submitted_date,method,method_variant,method_family,backbone_family,backbone_size,latent_or_pixel,encoder_or_tokenizer,epochs,params_m,dataset,resolution,class_conditional,guidance,fid_type,fid,inception_score,precision,recall,nfe_or_steps,training_type,source_url,source_table,notes,tldr
Visual Autoregressive Modeling: Scalable Image Generation via Next-Scale Prediction,2404.02905,2024-04-03,VAR,,autoregressive,Transformer,unknown,unknown,,350,2000,ImageNet-1k,256x256,yes,none,gFID,1.92,323.1,0.82,0.59,,unknown,https://arxiv.org/abs/2404.02905,paper,Seed baseline copied from RAE-DiT project page; authors note some baselines were re-run under their FID protocol. Metric values seeded from RAE-DiT Table 1; source_url points to the original method paper.,Autoregressive next-scale visual generator baseline.
Visual Autoregressive Modeling: Scalable Image Generation via Next-Scale Prediction,2404.02905,2024-04-03,VAR,,autoregressive,Transformer,unknown,unknown,,350,2000,ImageNet-1k,256x256,yes,reported_guidance,gFID,1.73,350.2,0.82,0.60,,unknown,https://arxiv.org/abs/2404.02905,paper,Seed baseline copied from RAE-DiT project page. Metric values seeded from RAE-DiT Table 1; source_url points to the original method paper.,Autoregressive next-scale visual generator baseline.
Autoregressive Image Generation without Vector Quantization,2406.11838,2024-06-17,MAR,,autoregressive,Transformer,unknown,unknown,,800,943,ImageNet-1k,256x256,yes,none,gFID,2.35,227.8,0.79,0.62,,unknown,https://arxiv.org/abs/2406.11838,paper,Seed baseline copied from RAE-DiT project page. Metric values seeded from RAE-DiT Table 1; source_url points to the original method paper.,Continuous-valued autoregressive image generator without vector quantization.
Autoregressive Image Generation without Vector Quantization,2406.11838,2024-06-17,MAR,,autoregressive,Transformer,unknown,unknown,,800,943,ImageNet-1k,256x256,yes,reported_guidance,gFID,1.55,303.7,0.81,0.62,,unknown,https://arxiv.org/abs/2406.11838,paper,Seed baseline copied from RAE-DiT project page. Metric values seeded from RAE-DiT Table 1; source_url points to the original method paper.,Continuous-valued autoregressive image generator without vector quantization.
Beyond Next-Token: Next-X Prediction for Autoregressive Visual Generation,2502.20388,2025-02-27,xAR,,autoregressive,Transformer,unknown,unknown,,800,1100,ImageNet-1k,256x256,yes,reported_guidance,gFID,1.24,301.6,0.83,0.64,,unknown,https://arxiv.org/abs/2502.20388,paper,Only guided result available in the RAE-DiT project table. Metric values seeded from RAE-DiT Table 1; source_url points to the original method paper.,Next-X autoregressive visual generator with strong conditional ImageNet results.
Diffusion Models Beat GANs on Image Synthesis,2105.05233,2021-05-11,ADM,,pixel_diffusion,CNN,unknown,pixel,,400,554,ImageNet-1k,256x256,yes,none,gFID,10.94,101.0,0.69,0.63,,unknown,https://arxiv.org/abs/2105.05233,paper,Seed baseline copied from RAE-DiT project page. Metric values seeded from RAE-DiT Table 1; source_url points to the original method paper.,Pixel-space diffusion baseline with classifier guidance.
Diffusion Models Beat GANs on Image Synthesis,2105.05233,2021-05-11,ADM,,pixel_diffusion,CNN,unknown,pixel,,400,554,ImageNet-1k,256x256,yes,reported_guidance,gFID,3.94,215.8,0.83,0.53,,unknown,https://arxiv.org/abs/2105.05233,paper,Seed baseline copied from RAE-DiT project page. Metric values seeded from RAE-DiT Table 1; source_url points to the original method paper.,Pixel-space diffusion baseline with classifier guidance.
Scalable Adaptive Computation for Iterative Generation,2212.11972,2022-12-22,RIN,,pixel_diffusion,Transformer,unknown,pixel,,480,410,ImageNet-1k,256x256,yes,none,gFID,3.42,182.0,,,,unknown,https://arxiv.org/abs/2212.11972,paper,Only unguided result available in the RAE-DiT project table. Metric values seeded from RAE-DiT Table 1; source_url points to the original method paper. Exact 3.42 RIN input-scaling result may trace through arXiv:2301.10972.,Adaptive iterative generator baseline.
PixelFlow: Pixel-Space Generative Models with Flow,2504.07963,2025-04-10,PixelFlow,,pixel_diffusion,Transformer,unknown,pixel,,320,677,ImageNet-1k,256x256,yes,reported_guidance,gFID,1.98,282.1,0.81,0.60,,unknown,https://arxiv.org/abs/2504.07963,paper,Only guided result available in the RAE-DiT project table. Metric values seeded from RAE-DiT Table 1; source_url points to the original method paper.,Pixel-space flow or diffusion transformer baseline.
PixNerd: Pixel Neural Field Diffusion,2507.23268,2025-07-31,PixNerd,,pixel_diffusion,Transformer,unknown,pixel,,160,700,ImageNet-1k,256x256,yes,reported_guidance,gFID,2.15,297.0,0.79,0.59,,unknown,https://arxiv.org/abs/2507.23268,paper,Only guided result available in the RAE-DiT project table. Metric values seeded from RAE-DiT Table 1; source_url points to the original method paper. Original/current project metrics may differ from this seed-table value.,Pixel neural-field diffusion baseline.
Simpler Diffusion (SiD2): 1.5 FID on ImageNet512 with pixel-space diffusion,2410.19324,2024-10-25,SiD2,,pixel_diffusion,unknown,unknown,pixel,,1280,,ImageNet-1k,256x256,yes,reported_guidance,gFID,1.38,,,,,unknown,https://arxiv.org/abs/2410.19324,paper,Only guided FID available in the RAE-DiT project table. Metric values seeded from RAE-DiT Table 1; source_url points to the original method paper.,Strong pixel-space diffusion baseline seeded from the RAE-DiT table.
Scalable Diffusion Models with Transformers,2212.09748,2022-12-19,DiT,,latent_diffusion_vae,DiT,XL,vae_latent,VAE,1400,675,ImageNet-1k,256x256,yes,none,gFID,9.62,121.5,0.67,0.67,,unknown,https://arxiv.org/abs/2212.09748,paper,Seed DiT-XL VAE baseline. Metric values seeded from RAE-DiT Table 1; source_url points to the original method paper.,Diffusion Transformer latent baseline for ImageNet generation.
Scalable Diffusion Models with Transformers,2212.09748,2022-12-19,DiT,,latent_diffusion_vae,DiT,XL,vae_latent,VAE,1400,675,ImageNet-1k,256x256,yes,reported_guidance,gFID,2.27,278.2,0.83,0.57,,unknown,https://arxiv.org/abs/2212.09748,paper,Seed DiT-XL VAE baseline. Metric values seeded from RAE-DiT Table 1; source_url points to the original method paper.,Diffusion Transformer latent baseline for ImageNet generation.
Fast Training of Diffusion Models with Masked Transformers,2306.09305,2023-06-15,MaskDiT,,latent_diffusion_vae,DiT,XL,vae_latent,VAE,1600,675,ImageNet-1k,256x256,yes,none,gFID,5.69,177.9,0.74,0.60,,unknown,https://arxiv.org/abs/2306.09305,paper,Seed VAE latent diffusion baseline. Metric values seeded from RAE-DiT Table 1; source_url points to the original method paper.,Masked DiT training baseline for latent diffusion.
Fast Training of Diffusion Models with Masked Transformers,2306.09305,2023-06-15,MaskDiT,,latent_diffusion_vae,DiT,XL,vae_latent,VAE,1600,675,ImageNet-1k,256x256,yes,reported_guidance,gFID,2.28,276.6,0.80,0.61,,unknown,https://arxiv.org/abs/2306.09305,paper,Seed VAE latent diffusion baseline. Metric values seeded from RAE-DiT Table 1; source_url points to the original method paper.,Masked DiT training baseline for latent diffusion.
SiT: Exploring Flow and Diffusion-based Generative Models with Scalable Interpolant Transformers,2401.08740,2024-01-16,SiT,,latent_diffusion_vae,SiT,XL,vae_latent,VAE,1400,675,ImageNet-1k,256x256,yes,none,gFID,8.61,131.7,0.68,0.67,,unknown,https://arxiv.org/abs/2401.08740,paper,Seed SiT-XL VAE baseline; keep separate from DiT-XL. Metric values seeded from RAE-DiT Table 1; source_url points to the original method paper.,Scalable Interpolant Transformer flow-matching baseline.
SiT: Exploring Flow and Diffusion-based Generative Models with Scalable Interpolant Transformers,2401.08740,2024-01-16,SiT,,latent_diffusion_vae,SiT,XL,vae_latent,VAE,1400,675,ImageNet-1k,256x256,yes,reported_guidance,gFID,2.06,270.3,0.82,0.59,,unknown,https://arxiv.org/abs/2401.08740,paper,Seed SiT-XL VAE baseline; keep separate from DiT-XL. Metric values seeded from RAE-DiT Table 1; source_url points to the original method paper.,Scalable Interpolant Transformer flow-matching baseline.
MDTv2: Masked Diffusion Transformer is a Strong Image Synthesizer,2303.14389,2023-03-25,MDTv2,,latent_diffusion_vae,DiT,XL,vae_latent,VAE,1080,675,ImageNet-1k,256x256,yes,reported_guidance,gFID,1.58,314.7,0.79,0.65,,unknown,https://arxiv.org/abs/2303.14389,paper,Only guided result available in the RAE-DiT project table. Metric values seeded from RAE-DiT Table 1; source_url points to the original method paper.,Masked Diffusion Transformer v2 baseline with strong guided ImageNet FID.
Reconstruction vs. Generation: Taming Optimization Dilemma in Latent Diffusion Models,2501.01423,2025-01-02,VA-VAE,,latent_diffusion_vae,DiT,XL,vae_latent,VAE,80,675,ImageNet-1k,256x256,yes,none,gFID,4.29,,,,,unknown,https://arxiv.org/abs/2501.01423,paper,Only unguided FID available for this epoch row. Metric values seeded from RAE-DiT Table 1; source_url points to the original method paper.,Autoencoder or tokenizer upgrade for more efficient latent diffusion.
Reconstruction vs. Generation: Taming Optimization Dilemma in Latent Diffusion Models,2501.01423,2025-01-02,VA-VAE,,latent_diffusion_vae,DiT,XL,vae_latent,VAE,800,675,ImageNet-1k,256x256,yes,none,gFID,2.17,205.6,0.77,0.65,,unknown,https://arxiv.org/abs/2501.01423,paper,Seed VAE latent diffusion baseline. Metric values seeded from RAE-DiT Table 1; source_url points to the original method paper.,Autoencoder or tokenizer upgrade for more efficient latent diffusion.
Reconstruction vs. Generation: Taming Optimization Dilemma in Latent Diffusion Models,2501.01423,2025-01-02,VA-VAE,,latent_diffusion_vae,DiT,XL,vae_latent,VAE,800,675,ImageNet-1k,256x256,yes,reported_guidance,gFID,1.35,295.3,0.79,0.65,,unknown,https://arxiv.org/abs/2501.01423,paper,Seed VAE latent diffusion baseline. Metric values seeded from RAE-DiT Table 1; source_url points to the original method paper.,Autoencoder or tokenizer upgrade for more efficient latent diffusion.
Representation Alignment for Generation: Training Diffusion Transformers Is Easier Than You Think,2410.06940,2024-10-09,REPA,,latent_diffusion_vae,SiT,XL,vae_latent,VAE,80,675,ImageNet-1k,256x256,yes,none,gFID,7.90,122.6,0.70,0.65,,unknown,https://arxiv.org/abs/2410.06940,paper,REPA is commonly reported with SiT-XL-style comparisons; verify original paper if exact backbone is needed. Metric values seeded from RAE-DiT Table 1; source_url points to the original method paper.,Representation alignment accelerates latent SiT or DiT training with pretrained features.
Representation Alignment for Generation: Training Diffusion Transformers Is Easier Than You Think,2410.06940,2024-10-09,REPA,,latent_diffusion_vae,SiT,XL,vae_latent,VAE,800,675,ImageNet-1k,256x256,yes,none,gFID,5.78,158.3,0.70,0.68,,unknown,https://arxiv.org/abs/2410.06940,paper,REPA is commonly reported with SiT-XL-style comparisons; verify original paper if exact backbone is needed. Metric values seeded from RAE-DiT Table 1; source_url points to the original method paper.,Representation alignment accelerates latent SiT or DiT training with pretrained features.
Representation Alignment for Generation: Training Diffusion Transformers Is Easier Than You Think,2410.06940,2024-10-09,REPA,,latent_diffusion_vae,SiT,XL,vae_latent,VAE,800,675,ImageNet-1k,256x256,yes,reported_guidance,gFID,1.29,306.3,0.79,0.64,,unknown,https://arxiv.org/abs/2410.06940,paper,REPA is commonly reported with SiT-XL-style comparisons; verify original paper if exact backbone is needed. Metric values seeded from RAE-DiT Table 1; source_url points to the original method paper.,Representation alignment accelerates latent SiT or DiT training with pretrained features.
DDT: Decoupled Diffusion Transformer,2504.05741,2025-04-08,DDT,,latent_diffusion_vae,DiT,XL,vae_latent,VAE,80,675,ImageNet-1k,256x256,yes,none,gFID,6.62,135.2,0.69,0.67,,unknown,https://arxiv.org/abs/2504.05741,paper,Seed VAE latent diffusion baseline. Metric values seeded from RAE-DiT Table 1; source_url points to the original method paper. Original/current project metrics may differ from this seed-table value.,Latent Diffusion Transformer variant with strong seeded ImageNet results.
DDT: Decoupled Diffusion Transformer,2504.05741,2025-04-08,DDT,,latent_diffusion_vae,DiT,XL,vae_latent,VAE,80,675,ImageNet-1k,256x256,yes,reported_guidance,gFID,1.52,263.7,0.78,0.63,,unknown,https://arxiv.org/abs/2504.05741,paper,Seed VAE latent diffusion baseline. Metric values seeded from RAE-DiT Table 1; source_url points to the original method paper. Original/current project metrics may differ from this seed-table value.,Latent Diffusion Transformer variant with strong seeded ImageNet results.
DDT: Decoupled Diffusion Transformer,2504.05741,2025-04-08,DDT,,latent_diffusion_vae,DiT,XL,vae_latent,VAE,400,675,ImageNet-1k,256x256,yes,none,gFID,6.27,154.7,0.68,0.69,,unknown,https://arxiv.org/abs/2504.05741,paper,Seed VAE latent diffusion baseline. Metric values seeded from RAE-DiT Table 1; source_url points to the original method paper. Original/current project metrics may differ from this seed-table value.,Latent Diffusion Transformer variant with strong seeded ImageNet results.
DDT: Decoupled Diffusion Transformer,2504.05741,2025-04-08,DDT,,latent_diffusion_vae,DiT,XL,vae_latent,VAE,400,675,ImageNet-1k,256x256,yes,reported_guidance,gFID,1.26,310.6,0.79,0.65,,unknown,https://arxiv.org/abs/2504.05741,paper,Seed VAE latent diffusion baseline. Metric values seeded from RAE-DiT Table 1; source_url points to the original method paper. Original/current project metrics may differ from this seed-table value.,Latent Diffusion Transformer variant with strong seeded ImageNet results.
REPA-E: Unlocking VAE for End-to-End Tuning with Latent Diffusion Transformers,2504.10483,2025-04-14,REPA-E,,latent_diffusion_vae,SiT,XL,vae_latent,VAE,80,675,ImageNet-1k,256x256,yes,none,gFID,3.46,159.8,0.77,0.63,,unknown,https://arxiv.org/abs/2504.10483,paper,Verify exact original backbone before using as final SiT-XL comparison. Metric values seeded from RAE-DiT Table 1; source_url points to the original method paper. Original/current project metrics may differ from this seed-table value.,End-to-end VAE plus representation-alignment tuning for stronger latent DiTs.
REPA-E: Unlocking VAE for End-to-End Tuning with Latent Diffusion Transformers,2504.10483,2025-04-14,REPA-E,,latent_diffusion_vae,SiT,XL,vae_latent,VAE,80,675,ImageNet-1k,256x256,yes,reported_guidance,gFID,1.67,266.3,0.80,0.63,,unknown,https://arxiv.org/abs/2504.10483,paper,Verify exact original backbone before using as final SiT-XL comparison. Metric values seeded from RAE-DiT Table 1; source_url points to the original method paper. Original/current project metrics may differ from this seed-table value.,End-to-end VAE plus representation-alignment tuning for stronger latent DiTs.
REPA-E: Unlocking VAE for End-to-End Tuning with Latent Diffusion Transformers,2504.10483,2025-04-14,REPA-E,,latent_diffusion_vae,SiT,XL,vae_latent,VAE,800,675,ImageNet-1k,256x256,yes,none,gFID,1.70,217.3,0.77,0.66,,unknown,https://arxiv.org/abs/2504.10483,paper,Verify exact original backbone before using as final SiT-XL comparison. Metric values seeded from RAE-DiT Table 1; source_url points to the original method paper. Original/current project metrics may differ from this seed-table value.,End-to-end VAE plus representation-alignment tuning for stronger latent DiTs.
REPA-E: Unlocking VAE for End-to-End Tuning with Latent Diffusion Transformers,2504.10483,2025-04-14,REPA-E,,latent_diffusion_vae,SiT,XL,vae_latent,VAE,800,675,ImageNet-1k,256x256,yes,reported_guidance,gFID,1.15,304.0,0.79,0.66,,unknown,https://arxiv.org/abs/2504.10483,paper,Verify exact original backbone before using as final SiT-XL comparison. Metric values seeded from RAE-DiT Table 1; source_url points to the original method paper. Original/current project metrics may differ from this seed-table value.,End-to-end VAE plus representation-alignment tuning for stronger latent DiTs.
Diffusion Transformers with Representation Autoencoders,2510.11690,2025-10-13,RAE DiT-XL,DINOv2-S,latent_diffusion_rae,DiT,XL,rae_latent,DINOv2-S,800,676,ImageNet-1k,256x256,yes,none,gFID,1.87,209.7,0.80,0.63,,from_scratch,https://arxiv.org/abs/2510.11690,paper,RAE latent baseline without the wide DDT head. Original RAE-DiT result.,DiT trained on representation-autoencoder latents without the wide head.
Diffusion Transformers with Representation Autoencoders,2510.11690,2025-10-13,RAE DiT-XL,DINOv2-S,latent_diffusion_rae,DiT,XL,rae_latent,DINOv2-S,800,676,ImageNet-1k,256x256,yes,reported_guidance,gFID,1.41,309.4,0.80,0.63,,from_scratch,https://arxiv.org/abs/2510.11690,paper,RAE latent baseline without the wide DDT head. Original RAE-DiT result.,DiT trained on representation-autoencoder latents without the wide head.
Diffusion Transformers with Representation Autoencoders,2510.11690,2025-10-13,RAE DiT-DH-XL,DINOv2-B,latent_diffusion_rae,DiT-DH,XL,rae_latent,DINOv2-B,20,839,ImageNet-1k,256x256,yes,none,gFID,3.71,198.7,0.86,0.50,,from_scratch,https://arxiv.org/abs/2510.11690,paper,RAE-DiT result with wide DDT head. Original RAE-DiT result.,RAE-DiT with a wide DDT head; current seed benchmark anchor.
Diffusion Transformers with Representation Autoencoders,2510.11690,2025-10-13,RAE DiT-DH-XL,DINOv2-B,latent_diffusion_rae,DiT-DH,XL,rae_latent,DINOv2-B,80,839,ImageNet-1k,256x256,yes,none,gFID,2.16,214.8,0.82,0.59,,from_scratch,https://arxiv.org/abs/2510.11690,paper,RAE-DiT result with wide DDT head. Original RAE-DiT result.,RAE-DiT with a wide DDT head; current seed benchmark anchor.
Diffusion Transformers with Representation Autoencoders,2510.11690,2025-10-13,RAE DiT-DH-XL,DINOv2-B,latent_diffusion_rae,DiT-DH,XL,rae_latent,DINOv2-B,800,839,ImageNet-1k,256x256,yes,none,gFID,1.51,242.9,0.79,0.63,,from_scratch,https://arxiv.org/abs/2510.11690,paper,RAE-DiT result with wide DDT head; project page describes this as no guidance. Original RAE-DiT result.,RAE-DiT with a wide DDT head; current seed benchmark anchor.
Diffusion Transformers with Representation Autoencoders,2510.11690,2025-10-13,RAE DiT-DH-XL,DINOv2-B,latent_diffusion_rae,DiT-DH,XL,rae_latent,DINOv2-B,800,839,ImageNet-1k,256x256,yes,autoguidance,gFID,1.13,262.6,0.78,0.67,,from_scratch,https://arxiv.org/abs/2510.11690,paper,RAE-DiT result with AutoGuidance. Original RAE-DiT result.,RAE-DiT with a wide DDT head; current seed benchmark anchor.
Bi-Anchor Interpolation Solver for Accelerating Generative Modeling,2601.21542,2026-01-29,BA-solver,NFE=5,flow_solver,unknown,unknown,unknown,,,,ImageNet-1k,256x256,yes,unknown,FID,2.84,306.22,0.76,0.63,5,sampler_lightweight,https://arxiv.org/abs/2601.21542,Table 1,"Table 1 reports BA-solver on class-conditional ImageNet-256 with this NFE; Table 2 reports 6M trainable SideNet parameters, not total backbone size.",SideNet-based solver improves low-NFE flow sampling without full retraining.
Bi-Anchor Interpolation Solver for Accelerating Generative Modeling,2601.21542,2026-01-29,BA-solver,NFE=7,flow_solver,unknown,unknown,unknown,,,,ImageNet-1k,256x256,yes,unknown,FID,1.96,320.49,0.78,0.64,7,sampler_lightweight,https://arxiv.org/abs/2601.21542,Table 1,"Table 1 reports BA-solver on class-conditional ImageNet-256 with this NFE; Table 2 reports 6M trainable SideNet parameters, not total backbone size.",SideNet-based solver improves low-NFE flow sampling without full retraining.
Bi-Anchor Interpolation Solver for Accelerating Generative Modeling,2601.21542,2026-01-29,BA-solver,NFE=15,flow_solver,unknown,unknown,unknown,,,,ImageNet-1k,256x256,yes,unknown,FID,1.65,326.67,0.81,0.62,15,sampler_lightweight,https://arxiv.org/abs/2601.21542,Table 1,"Table 1 reports BA-solver on class-conditional ImageNet-256 with this NFE; Table 2 reports 6M trainable SideNet parameters, not total backbone size.",SideNet-based solver improves low-NFE flow sampling without full retraining.
One-step Latent-free Image Generation with Pixel Mean Flows,2601.22158,2026-01-29,pMF-H/16,1-NFE pixel MeanFlow,flow_matching,Transformer,H,pixel,,360,956,ImageNet-1k,256x256,yes,reported_guidance,FID,2.22,268.8,,,1,from_scratch,https://arxiv.org/abs/2601.22158,Table 6,One-step latent-free pixel generation; Table 6 reports 50k-sample FID/IS and CFG if applicable.,One-step latent-free pixel MeanFlow for ImageNet generation.
Duality Models: An Embarrassingly Simple One-step Generation Paradigm,2602.17682,2026-02-04,DUMO-XL/2,1-NFE,flow_matching,DiT,XL,vae_latent,SD-VAE,432,679,ImageNet-1k,256x256,yes,reported_guidance,FID,2.6,246.26,,,1,from_scratch,https://arxiv.org/abs/2602.17682,Appendix C.2 / Figures 8 and 10,Dual-head DiT with SD-VAE; paper states 679M parameters and reports 50k-sample ImageNet-256 FID/IS.,Dual-head velocity and flow-map training supports one- and two-step generation.
Duality Models: An Embarrassingly Simple One-step Generation Paradigm,2602.17682,2026-02-04,DUMO-XL/2,2-NFE,flow_matching,DiT,XL,vae_latent,SD-VAE,432,679,ImageNet-1k,256x256,yes,reported_guidance,FID,1.79,285.67,,,2,from_scratch,https://arxiv.org/abs/2602.17682,Appendix C.2 / Figures 8 and 10,Dual-head DiT with SD-VAE; paper states 679M parameters and reports 50k-sample ImageNet-256 FID/IS.,Dual-head velocity and flow-map training supports one- and two-step generation.
Generative Modeling via Drifting,2602.04770,2026-02-04,Drifting Model,L/2 latent,drifting,DiT,L,vae_latent,SD-VAE,1280,463,ImageNet-1k,256x256,yes,reported_guidance,FID,1.54,258.9,,,1,from_scratch,https://arxiv.org/abs/2602.04770,Table 5,Source table lists 463M generator plus 49M decoder; params_m stores generator size.,One-step pushforward generator trained through a drifting field.
Generative Modeling via Drifting,2602.04770,2026-02-04,Drifting Model,L/16 pixel,drifting,DiT,L,pixel,,640,464,ImageNet-1k,256x256,yes,reported_guidance,FID,1.61,307.5,,,1,from_scratch,https://arxiv.org/abs/2602.04770,Table 6,One-step pixel-space generator trained from scratch; source table reports 464M generator parameters.,One-step pushforward generator trained through a drifting field.
Laminating Representation Autoencoders for Efficient Diffusion,2602.04873,2026-02-04,FlatDINO DiT-XL,"32x128 tokens, no CFG",latent_diffusion_flatdino,DiT,XL,flatdino_latent,FlatDINO 32x128,800,676,ImageNet-1k,256x256,yes,none,gFID,3.21,,0.77,,,from_scratch,https://arxiv.org/abs/2602.04873,Table 1,Compressed DINOv2 latent sequence; source table reports gFID and precision.,Compresses DINOv2 patch features into compact tokens for cheaper latent diffusion.
Laminating Representation Autoencoders for Efficient Diffusion,2602.04873,2026-02-04,FlatDINO DiT-XL,"32x128 tokens, CFG",latent_diffusion_flatdino,DiT,XL,flatdino_latent,FlatDINO 32x128,800,676,ImageNet-1k,256x256,yes,reported_guidance,gFID,1.8,,0.78,,,from_scratch,https://arxiv.org/abs/2602.04873,Table 1,"CFG row from Table 1; guidance weight 4.5 over interval t in [0.225, 1.0].",Compresses DINOv2 patch features into compact tokens for cheaper latent diffusion.
Stable Velocity: A Variance Perspective on Flow Matching,2602.05435,2026-02-05,StableVM + VA-REPA,"class-balanced CFG, 400 epochs",flow_matching,SiT,XL,vae_latent,SD-VAE,400,675,ImageNet-1k,256x256,yes,reported_guidance,FID,1.34,305.0,0.8,0.64,250,from_scratch,https://arxiv.org/abs/2602.05435,Table 1,Class-balanced Ours block in Table 1; CFG scale w=1.8 with interval-based schedule.,Variance-reduced flow matching with selective representation alignment.
FlowConsist: Make Your Flow Consistent with Real Trajectory,2602.06346,2026-02-06,FlowConsist-XL/2,1-NFE,flow_matching,DiT,XL,vae_latent,VAE,200,675,ImageNet-1k,256x256,yes,reported_guidance,FID,1.52,,,,1,from_scratch,https://arxiv.org/abs/2602.06346,Table 2,Table 2 says all compared results incorporate CFG; params_m inferred from XL/2 convention.,Corrects trajectory drift in fast-flow training for one-step generation.
Dual-End Consistency Model,2602.10764,2026-02-11,DE-CM,NFE=1,consistency_distillation,DiT,XL,vae_latent,VAE,250,675,ImageNet-1k,256x256,yes,reported_guidance,FID,1.7,,,,1,distillation,https://arxiv.org/abs/2602.10764,Table 1,Class-conditional ImageNet-256 comparison; caption notes CFG doubles NFE per step where applicable.,Dual-end consistency training stabilizes one- and few-step distillation.
Dual-End Consistency Model,2602.10764,2026-02-11,DE-CM,NFE=2,consistency_distillation,DiT,XL,vae_latent,VAE,250,675,ImageNet-1k,256x256,yes,reported_guidance,FID,1.33,,,,2,distillation,https://arxiv.org/abs/2602.10764,Table 1,Class-conditional ImageNet-256 comparison; caption notes CFG doubles NFE per step where applicable.,Dual-end consistency training stabilizes one- and few-step distillation.
Dual-End Consistency Model,2602.10764,2026-02-11,DE-CM,NFE=50,consistency_distillation,DiT,XL,vae_latent,VAE,250,675,ImageNet-1k,256x256,yes,reported_guidance,FID,1.26,,,,50,distillation,https://arxiv.org/abs/2602.10764,Table 1,Class-conditional ImageNet-256 comparison; caption notes CFG doubles NFE per step where applicable.,Dual-end consistency training stabilizes one- and few-step distillation.
Momentum Guidance: Plug-and-Play Guidance for Flow Models,2602.20360,2026-02-23,Momentum Guidance,"CFG interval + MG, CFG=1.4, NFE=64",guidance,DiT,XL,vae_latent,SD encoder,,,ImageNet-1k,256x256,yes,reported_guidance,FID-50K,1.38,277.73,0.802,0.63,64,sampler_only,https://arxiv.org/abs/2602.20360,Table 4,Plug-and-play guidance on improved DiT-XL; appendix says base model trained 400k steps with batch size 2048.,Plug-and-play trajectory momentum guidance improves sampling without extra network evaluations.
DiverseDiT: Towards Diverse Representation Learning in Diffusion Transformers,2603.04239,2026-03-04,DiverseDiT,"CFG, 200 epochs",representation_diversity,DiT,XL,vae_latent,SD-VAE,200,675,ImageNet-1k,256x256,yes,reported_guidance,FID,1.52,282.72,0.81,0.66,250,from_scratch,https://arxiv.org/abs/2603.04239,Table 2,Table 2 comparison on ImageNet-256 with CFG; params_m inferred from XL/2 comparison setting.,Encourages diverse internal DiT representations for faster and stronger training.
Dual-Solver: A Generalized ODE Solver for Diffusion Models with Dual Prediction,2603.03973,2026-03-04,Dual-Solver,"DiT-XL/2, NFE=8",learned_solver,DiT,XL,vae_latent,VAE,,675,ImageNet-1k,256x256,yes,reported_guidance,FID,2.6,,,,8,sampler_only,https://arxiv.org/abs/2603.03973,Table 6,Learned solver parameters; Table D.2 uses CFG=1.5 and 50k ImageNet samples.,Learned low-NFE ODE solver for DiT sampling.
Dual-Solver: A Generalized ODE Solver for Diffusion Models with Dual Prediction,2603.03973,2026-03-04,Dual-Solver-R,"GM-DiT, NFE=9",learned_solver,GM-DiT,unknown,unknown,,,,ImageNet-1k,256x256,yes,reported_guidance,FID,2.32,,,,9,sampler_only,https://arxiv.org/abs/2603.03973,Table 7,Regression-learned Dual-Solver on GM-DiT; Table D.2 uses CFG=1.4 and 50k ImageNet samples.,Regression-trained Dual-Solver variant for GM-DiT sampling.
Representation Alignment for Just Image Transformers is not Easier than You Think,2603.14366,2026-03-15,PixelREPA,B/16,pixel_diffusion_alignment,JiT,B,pixel,,,131,ImageNet-1k,256x256,yes,reported_guidance,FID,3.17,284.6,,,50,from_scratch,https://arxiv.org/abs/2603.14366,Table 1,"Evaluation follows JiT with 50-step Heun ODE solver and CFG interval [0.1, 1].",Masked transformer adapter fixes REPA collapse in pixel-space JiT training.
Representation Alignment for Just Image Transformers is not Easier than You Think,2603.14366,2026-03-15,PixelREPA,L/16,pixel_diffusion_alignment,JiT,L,pixel,,,459,ImageNet-1k,256x256,yes,reported_guidance,FID,2.11,309.5,,,50,from_scratch,https://arxiv.org/abs/2603.14366,Table 1,"Evaluation follows JiT with 50-step Heun ODE solver and CFG interval [0.1, 1].",Masked transformer adapter fixes REPA collapse in pixel-space JiT training.
Representation Alignment for Just Image Transformers is not Easier than You Think,2603.14366,2026-03-15,PixelREPA,H/16,pixel_diffusion_alignment,JiT,H,pixel,,,953,ImageNet-1k,256x256,yes,reported_guidance,FID,1.81,317.2,,,50,from_scratch,https://arxiv.org/abs/2603.14366,Table 1,"Evaluation follows JiT with 50-step Heun ODE solver and CFG interval [0.1, 1].",Masked transformer adapter fixes REPA collapse in pixel-space JiT training.
WiT: Waypoint Diffusion Transformers via Trajectory Conflict Navigation,2603.15132,2026-03-16,WiT-XL/16,600 epochs,flow_matching,Transformer,XL,pixel,,600,697,ImageNet-1k,256x256,yes,reported_guidance,FID-50K,1.89,301.0,,,,from_scratch,https://arxiv.org/abs/2603.15132,Table 2,Params_m stores 676M backbone plus 21M waypoint generator from source table.,Semantic waypoints untangle pixel-space flow trajectories.
DC-DiT: Adaptive Compute and Elastic Inference for Visual Generation via Dynamic Chunking,2603.06351,2026-03-06,DC-DiT-XL,"Lite-CFG, tail drop 0.9",latent_diffusion_vae,DiT,XL,vae_latent,,,689,ImageNet-1k,256x256,yes,classifier_free,FID-50K,8.80,,,,,from_scratch,https://arxiv.org/abs/2603.06351,Table 1,"Best 256x256 DC-DiT row found in Table 1; method is primarily a compute-efficiency/token-allocation result, with tail-drop 0.9 and Lite-CFG=1.25.",Adaptive token chunking improves DiT quality-compute tradeoffs on ImageNet.
Continuous Adversarial Flow Models,2604.11521,2026-04-13,SiT+CAFM,guidance-free post-training,flow_matching,SiT,XL,vae_latent,SD-VAE,1400+10,675,ImageNet-1k,256x256,yes,none,FID,3.63,178.08,0.71,0.69,250,finetune,https://arxiv.org/abs/2604.11521,Tables 1 and 7,CAFM post-training for the official SiT-XL/2 checkpoint; paper text states guidance-free FID improves from 8.26 to 3.63.,Continuous adversarial post-training improves SiT flow samples without guidance.
Continuous Adversarial Flow Models,2604.11521,2026-04-13,SiT+CAFM,CFG 1.3 post-training,flow_matching,SiT,XL,vae_latent,SD-VAE,1400+10,675,ImageNet-1k,256x256,yes,classifier_free,FID,1.53,263.52,0.78,0.64,250,finetune,https://arxiv.org/abs/2604.11521,Tables 1 and 7,Best guided SiT+CAFM row in CFG sweep; lower best CFG than original SiT.,Continuous adversarial post-training improves guided SiT ImageNet-256 FID.
Continuous Adversarial Flow Models,2604.11521,2026-04-13,JiT+CAFM,guidance-free post-training,flow_matching,JiT,H,pixel,,600+10,956,ImageNet-1k,256x256,yes,none,FID,3.57,198.08,0.74,0.65,50,finetune,https://arxiv.org/abs/2604.11521,Tables 2 and 13,CAFM post-training for JiT-H/16; paper text states guidance-free FID improves from 7.17 to 3.57.,Continuous adversarial post-training improves pixel-space JiT without guidance.
Continuous Adversarial Flow Models,2604.11521,2026-04-13,JiT+CAFM,CFG 1.8 post-training,flow_matching,JiT,H,pixel,,600+10,956,ImageNet-1k,256x256,yes,classifier_free,FID,1.80,290.71,0.79,0.63,50,finetune,https://arxiv.org/abs/2604.11521,Tables 2 and 13,Best guided JiT+CAFM row in CFG sweep.,Continuous adversarial post-training gives a modest guided JiT gain.
Frequency-Aware Flow Matching for High-Quality Image Generation,2604.15521,2026-04-16,FreqFlow-L,with CFG,flow_matching,Transformer,L,vae_latent,VAE,1399,507,ImageNet-1k,256x256,yes,classifier_free,FID-50K,1.54,295.6,0.82,0.59,,from_scratch,https://arxiv.org/abs/2604.15521,Table 3,Class-conditional ImageNet 256x256 with CFG.,Frequency-aware flow branches improve latent ImageNet generation.
Frequency-Aware Flow Matching for High-Quality Image Generation,2604.15521,2026-04-16,FreqFlow-H,with CFG,flow_matching,Transformer,H,vae_latent,VAE,800,1080,ImageNet-1k,256x256,yes,classifier_free,FID-50K,1.38,298.5,0.80,0.63,,from_scratch,https://arxiv.org/abs/2604.15521,Table 3,Best FreqFlow ImageNet-256 CFG row.,Scaled frequency-aware flow matching reaches 1.38 FID on ImageNet-256.
Frequency-Aware Flow Matching for High-Quality Image Generation,2604.15521,2026-04-16,FreqFlow-L,without CFG,flow_matching,Transformer,L,vae_latent,VAE,1399,507,ImageNet-1k,256x256,yes,none,FID-50K,3.12,,,,,from_scratch,https://arxiv.org/abs/2604.15521,Table 4,Class-conditional ImageNet 256x256 without classifier-free guidance.,FreqFlow also improves guidance-free latent flow generation.
Frequency-Aware Flow Matching for High-Quality Image Generation,2604.15521,2026-04-16,FreqFlow-H,without CFG,flow_matching,Transformer,H,vae_latent,VAE,800,1080,ImageNet-1k,256x256,yes,none,FID-50K,2.45,,,,,from_scratch,https://arxiv.org/abs/2604.15521,Table 4,Best guidance-free FreqFlow-H ImageNet-256 row.,FreqFlow-H reduces unguided ImageNet-256 FID in latent space.
Posterior Augmented Flow Matching,2605.00825,2026-05-01,PAFM SiT-XL/2,"nearest-neighbor K=16, no CFG",flow_matching,SiT,XL,vae_latent,VAE + REPA,,675,ImageNet-1k,256x256,yes,none,FID50K,9.85,,0.68,0.65,50,from_scratch,https://arxiv.org/abs/2605.00825,Table 1,"Results after 400K iterations, without CFG and NFE=50; PAFM improves FM baseline from 11.14 to 9.85 for SiT-XL/2.",Posterior-augmented targets reduce flow-matching variance but are not SOTA-scale yet.
Training-Free Refinement of Flow Matching with Divergence-based Sampling,2604.04646,2026-04-06,FDS JiT-L/16,"Heun + FDS, 99 NFE",flow_matching,JiT,L,pixel,,,,ImageNet-1k,256x256,yes,reported_guidance,FID,2.496,329.70,,,99,sampler_only,https://arxiv.org/abs/2604.04646,Table 1,FDS is a training-free sampler refinement; row uses JiT-L/16 and Heun+FDS at 99 NFE.,Divergence-based refinement improves pixel-flow sampling at matched compute.
Training-Free Refinement of Flow Matching with Divergence-based Sampling,2604.04646,2026-04-06,FDS SiT-XL,"Heun + FDS, 99 NFE",flow_matching,SiT,XL,vae_latent,VAE,,675,ImageNet-1k,256x256,yes,reported_guidance,FID,2.103,255.11,,,99,sampler_only,https://arxiv.org/abs/2604.04646,Table 7,FDS on state-of-the-art latent SiT-XL backbone; Table 7 reports 50-step and 100-step settings.,Divergence-based refinement gives a small SiT-XL sampling gain.
One-Step Generative Modeling via Wasserstein Gradient Flows,2605.11755,2026-05-12,W-Flow-B/2,1-NFE,flow_matching,DiT,B,vae_latent,SD-VAE + latent MAE,,182,ImageNet-1k,256x256,yes,classifier_free,FID-50K,1.52,271.8,,,1,from_scratch,https://arxiv.org/abs/2605.11755,Table 3,"Params_m stores generator plus decoder, 133M+49M.",Wasserstein gradient-flow training yields strong one-step generation.
One-Step Generative Modeling via Wasserstein Gradient Flows,2605.11755,2026-05-12,W-Flow-L/2,1-NFE,flow_matching,DiT,L,vae_latent,SD-VAE + latent MAE,,512,ImageNet-1k,256x256,yes,classifier_free,FID-50K,1.35,272.5,,,1,from_scratch,https://arxiv.org/abs/2605.11755,Table 3,"Params_m stores generator plus decoder, 463M+49M.",W-Flow scales one-step ImageNet FID to the L backbone.
One-Step Generative Modeling via Wasserstein Gradient Flows,2605.11755,2026-05-12,W-Flow-XL/2,1-NFE,flow_matching,DiT,XL,vae_latent,SD-VAE + latent MAE,,728,ImageNet-1k,256x256,yes,classifier_free,FID-50K,1.29,265.4,,,1,from_scratch,https://arxiv.org/abs/2605.11755,Table 3,"Params_m stores generator plus decoder, 679M+49M; paper reports this as new one-step ImageNet-256 SOTA.",W-Flow-XL/2 sets a new one-step ImageNet-256 FID at 1.29.
HyperDiT: Hyper-Connected Transformers for High-Fidelity Pixel-Space Diffusion,2605.15741,2026-05-15,HyperDiT-XL,"CFG, 100x2 NFE",pixel_diffusion,DiT,XL,pixel,,600,676,ImageNet-1k,256x256,yes,classifier_free,FID,1.63,304.2,0.80,0.62,100x2,from_scratch,https://arxiv.org/abs/2605.15741,Table 1,Pixel-space generation with CFG; all metrics evaluated using 50K samples.,Hyper-connected cross-scale DiT improves pixel-space diffusion.
HyperDiT: Hyper-Connected Transformers for High-Fidelity Pixel-Space Diffusion,2605.15741,2026-05-15,HyperDiT-H,"CFG, 100x2 NFE",pixel_diffusion,DiT,H,pixel,,600,952,ImageNet-1k,256x256,yes,classifier_free,FID,1.56,306.5,0.80,0.64,100x2,from_scratch,https://arxiv.org/abs/2605.15741,Table 1,Best HyperDiT row; paper reports pixel-space SoTA among pixel-space diffusion models.,HyperDiT-H reaches 1.56 FID directly in pixel space.
PixelDiT: Pixel Diffusion Transformers for Image Generation,2511.20645,2025-11-25,PixelDiT-XL,"CFG 3.25 interval [0.10,1.00]",pixel_diffusion,DiT,XL,pixel,,80,797,ImageNet-1k,256x256,yes,classifier_free,gFID,2.36,282.3,0.80,0.57,100,from_scratch,https://arxiv.org/abs/2511.20645,Tables 1 and 9,"Class-conditioned ImageNet-256; Table 9 reports 400K training steps, 100-step FlowDPMSolver is the default ImageNet sampler, and sFID is 5.11.",PixelDiT trains a dual-level DiT directly in pixel space and reaches strong early ImageNet-256 quality.
PixelDiT: Pixel Diffusion Transformers for Image Generation,2511.20645,2025-11-25,PixelDiT-XL,"CFG 2.75 interval [0.10,0.90]",pixel_diffusion,DiT,XL,pixel,,320,797,ImageNet-1k,256x256,yes,classifier_free,gFID,1.61,292.7,0.78,0.64,100,from_scratch,https://arxiv.org/abs/2511.20645,Tables 1 and 9,"Main PixelDiT-XL ImageNet-256 row; Table 9 reports 1600K training steps, 100-step FlowDPMSolver is the default ImageNet sampler, and sFID is 4.68.",PixelDiT closes much of the pixel-vs-latent gap with 1.61 gFID on ImageNet-256.
PixelDiT: Pixel Diffusion Transformers for Image Generation,2511.20645,2025-11-25,PixelDiT-XL,"extended training, CFG 2.75 interval [0.10,0.90]",pixel_diffusion,DiT,XL,pixel,,800,797,ImageNet-1k,256x256,yes,classifier_free,gFID,1.54,297.0,0.78,0.65,100,from_scratch,https://arxiv.org/abs/2511.20645,Table 17,"Extended-training appendix row; default ImageNet sampling uses 100-step FlowDPMSolver and the paper states the 320-epoch setting uses CFG 2.75 on [0.10,0.90]; sFID is 4.49.",Extended training improves PixelDiT-XL to 1.54 gFID on ImageNet-256.
RiT: Vanilla Diffusion Transformers Suffice in Representation Space,2605.21981,2026-05-21,RiT-XL,"DINOv2-S, Time-shift, no CFG, 25 Heun",latent_diffusion_rae,DiT,XL,rae_latent,DINOv2-S + RAE decoder,800,676,ImageNet-1k,256x256,yes,none,FID-50K,1.45,,,,25 Heun,from_scratch,https://arxiv.org/abs/2605.21981,Table 4,Time-shift schedule with coupled noise; paper states FID-50K with class-balanced sampling following RAE.,RiT trains a vanilla DiT directly on frozen DINOv2 representation latents.
RiT: Vanilla Diffusion Transformers Suffice in Representation Space,2605.21981,2026-05-21,RiT-XL,"DINOv2-S, Time-shift, CFG=3.7 interval [0.1,0.98], 5 Heun",latent_diffusion_rae,DiT,XL,rae_latent,DINOv2-S + RAE decoder,800,676,ImageNet-1k,256x256,yes,classifier_free,FID-50K,1.99,,,,5 Heun,from_scratch,https://arxiv.org/abs/2605.21981,Tables 4 and 8,Guided Time-shift schedule with coupled noise; Table 8 lists CFG scale and interval.,RiT has strong few-step guided sampling without distillation.
RiT: Vanilla Diffusion Transformers Suffice in Representation Space,2605.21981,2026-05-21,RiT-XL,"DINOv2-S, Time-shift, CFG=3.7 interval [0.1,0.98], 10 Heun",latent_diffusion_rae,DiT,XL,rae_latent,DINOv2-S + RAE decoder,800,676,ImageNet-1k,256x256,yes,classifier_free,FID-50K,1.25,,,,10 Heun,from_scratch,https://arxiv.org/abs/2605.21981,Tables 4 and 8,Guided Time-shift schedule with coupled noise; Table 8 lists CFG scale and interval.,RiT reaches competitive ImageNet-256 FID at 10 Heun steps.
RiT: Vanilla Diffusion Transformers Suffice in Representation Space,2605.21981,2026-05-21,RiT-XL,"DINOv2-S, Time-shift, CFG=3.7 interval [0.1,0.98], 25 Heun",latent_diffusion_rae,DiT,XL,rae_latent,DINOv2-S + RAE decoder,800,676,ImageNet-1k,256x256,yes,classifier_free,FID-50K,1.14,,,,25 Heun,from_scratch,https://arxiv.org/abs/2605.21981,Tables 4 and 8,Guided Time-shift schedule with coupled noise; Table 8 lists CFG scale and interval.,RiT sets a strong guided representation-latent DiT row.
Rethinking Cross-Layer Information Routing in Diffusion Transformers,2605.20708,2026-05-20,DAR SiT-XL/2,"Static c4 SDE, no CFG",latent_diffusion_vae,SiT,XL,vae_latent,VAE,500K iters,751,ImageNet-1k,256x256,yes,none,FID-50K,6.92,138.8,0.70,0.67,250,from_scratch,https://arxiv.org/abs/2605.20708,Table 1,Table 1 reports SDE sampler row; evaluation section states 250 function evaluations by default.,Diffusion-Adaptive Routing improves SiT cross-layer information flow.
Rethinking Cross-Layer Information Routing in Diffusion Transformers,2605.20708,2026-05-20,DAR SiT-XL/2,"Dynamic c4 ODE, CFG w=1.5",latent_diffusion_vae,SiT,XL,vae_latent,VAE,,752,ImageNet-1k,256x256,yes,classifier_free,FID-50K,2.05,270.1,0.82,0.60,250,from_scratch,https://arxiv.org/abs/2605.20708,Table 1,Best guided DAR row in Table 1; dynamic routing increases parameters relative to vanilla SiT.,Diffusion-Adaptive Routing gives a guided ImageNet-256 gain at matched recipe.
Improved DDIM Sampling with Moment Matching Gaussian Mixtures,2311.04938,2023-11-07,DDIM-GMM-ORTHO-VUB,"eta=0, CFG=2.5, 10 steps",diffusion_sampler,unknown,unknown,vae_latent,VQVAE,,,ImageNet,256x256,yes,classifier_free,FID,6.94,207.85,,,10 steps,sampler_only,https://arxiv.org/abs/2311.04938,Appendix Table 5,Updated-after-2026 backfill; class-conditional ImageNet model in VQVAE latent space; Table 5 reports FID/IS.,Moment-matched GMM DDIM kernels improve few-step ImageNet sampling.
Distribution Matching Distillation without Fake Score Network,2605.19256,2026-05-18,FSF-DMD,"M=2, flow-map initialized, 2-step",flow_matching_distillation,LightningDiT,B,vae_latent,VA-VAE,4K peak steps,,ImageNet-1k,256x256,yes,classifier_free,FID50K,3.85,262.50,0.59,0.53,2,distillation,https://arxiv.org/abs/2605.19256,Tables 2 and 10,Default setup uses CFG scale 6.0 and 2-step generation; initialized from an improved MeanFlow flow-map model.,Fake-score-network-free DMD improves two-step flow-map distillation.
Distribution Matching Distillation without Fake Score Network,2605.19256,2026-05-18,FSF-DMD,"from scratch, 2-step",flow_matching,LightningDiT,B,vae_latent,VA-VAE,400K steps,,ImageNet-1k,256x256,yes,classifier_free,FID50K,6.35,194.91,,,2,from_scratch,https://arxiv.org/abs/2605.19256,Table 5,Training-from-scratch ImageNet-1K 256 row; paper uses LightningDiT-B/1 and VA-VAE latents.,FSF-DMD remains effective without flow-map initialization.
FrequencyBooster: Full-Frequency Modeling for High-Fidelity Pixel Diffusion,2605.17759,2026-05-17,FrequencyBooster-H/16,"CFG=3.0 interval [0.1,0.95], 320 epochs",pixel_diffusion,DiT,H,pixel,,320,1100,ImageNet-1k,256x256,yes,classifier_free,gFID,1.60,321,0.80,0.63,100x2,from_scratch,https://arxiv.org/abs/2605.17759,Tables 1 and 7,Table 1 reports the 320-epoch guided row; Table 7 identifies the best CFG scale and interval.,FrequencyBooster adds full-frequency pixel modeling to a DiT backbone.
FrequencyBooster: Full-Frequency Modeling for High-Fidelity Pixel Diffusion,2605.17759,2026-05-17,FrequencyBooster-H/16,"no CFG, 320 epochs",pixel_diffusion,DiT,H,pixel,,320,1100,ImageNet-1k,256x256,yes,none,gFID,3.79,199.48,0.75,0.62,100x2,from_scratch,https://arxiv.org/abs/2605.17759,Table 2,Guidance-free ImageNet 256x256 row from Table 2.,FrequencyBooster also improves unguided pixel diffusion.
Aligning Latent Geometry for Spherical Flow Matching in Image Generation,2605.15193,2026-05-14,Spherical-slerp FM,"FLUX.2 VAE, SiT-XL/2, CFG=1.5",flow_matching,SiT,XL,vae_latent,FLUX.2 VAE,80,,ImageNet-1k,256x256,yes,classifier_free,FID-50K,3.95,238.9,,,250,from_scratch,https://arxiv.org/abs/2605.15193,Table 5,"Matched 80-epoch latent-geometry comparison; row records spherical-slerp value, not the linear baseline.",Spherical latent support improves flow matching under matched training.
Aligning Latent Geometry for Spherical Flow Matching in Image Generation,2605.15193,2026-05-14,Spherical-slerp FM,"VA-VAE, SiT-XL/1, CFG=1.5",flow_matching,SiT,XL,vae_latent,VA-VAE,80,,ImageNet-1k,256x256,yes,classifier_free,FID-50K,3.88,263.2,,,250,from_scratch,https://arxiv.org/abs/2605.15193,Table 5,"Matched 80-epoch latent-geometry comparison; row records spherical-slerp value, not the linear baseline.",Spherical latent support transfers to VA-VAE XL flow matching.
Aligning Latent Geometry for Spherical Flow Matching in Image Generation,2605.15193,2026-05-14,Spherical-slerp FM,"REPA-E FLUX.1, SiT-B/2, CFG=2.0",flow_matching,SiT,B,vae_latent,REPA-E FLUX.1,80,,ImageNet-1k,256x256,yes,classifier_free,FID-50K,5.43,274.0,,,250,from_scratch,https://arxiv.org/abs/2605.15193,Table 5,Matched 80-epoch latent-geometry comparison; row records spherical-slerp value for the REPA-E tokenizer.,Spherical-slerp gains persist for the REPA-E tokenizer.
The Velocity Deficit: Initial Energy Injection for Flow Matching,2605.14819,2026-05-14,SSC,"SiT-XL/2, sstart=1.1 send=1.0, no CFG",flow_matching,SiT,XL,vae_latent,VAE,7M steps,675,ImageNet-1k,256x256,yes,none,FID,7.58,138.07,,,50,sampler_only,https://arxiv.org/abs/2605.14819,Tables 2 and 5,Training-free Scale Schedule Corrector on fully converged SiT-XL/2; Table 5 gives explicit no-CFG schedule row.,SSC corrects flow-matching integration lag without retraining.
Asymmetric Flow Models,2605.12964,2026-05-13,AsymFlow-H/16,"r=8, sigma_min=0.04, no REPA, 600 epochs",flow_matching,JiT,H,pixel,,600,953,ImageNet-1k,256x256,yes,reported_guidance,FID,1.76,312.0,,,,from_scratch,https://arxiv.org/abs/2605.12964,Table 1,Updated in current window as v2 on 2026-05-25; Table 1 compares AsymFlow r=8 against JiT-H/16 under ADM evaluation at the 600-epoch final checkpoint.,Rank-asymmetric velocity prediction improves pixel-space flow generation.
Asymmetric Flow Models,2605.12964,2026-05-13,AsymFlow-H/16,"r=8 + REPA, 600 epochs",flow_matching,JiT,H,pixel,,600,953,ImageNet-1k,256x256,yes,reported_guidance,FID,1.57,,,,,from_scratch,https://arxiv.org/abs/2605.12964,Table 2,Updated in current window as v2 on 2026-05-25; Table 2 reports the ImageNet 256x256 pixel diffusion comparison and notes starred JiT-protocol caveats for some baselines.,AsymFlow plus REPA reaches a leading pixel-space ImageNet-256 FID.
Joint Latent Transformer for Clean-Latent Prediction in Image Generation,2605.27102,2026-05-28,DiT-B/1,matched clean-latent target ablation,latent_diffusion_vae,DiT,B,vae_latent,FLUX.2 VAE,,,ImageNet-1k,256x256,yes,unknown,FID-50K,2.56,220.74,,,,from_scratch,https://arxiv.org/abs/2605.27102,Project Results: Matched Target Ablation,Project table linked from arXiv reports ImageNet-1K 256x256 FID-50K and IS; exact paper table number and CFG protocol need PDF confirmation.,Clean-latent prediction improves a matched latent DiT-B/1 target ablation.
Joint Latent Transformer for Clean-Latent Prediction in Image Generation,2605.27102,2026-05-28,DiT-B/1,matched velocity target ablation,latent_diffusion_vae,DiT,B,vae_latent,FLUX.2 VAE,,,ImageNet-1k,256x256,yes,unknown,FID-50K,6.56,155.70,,,,from_scratch,https://arxiv.org/abs/2605.27102,Project Results: Matched Target Ablation,Project table linked from arXiv reports ImageNet-1K 256x256 FID-50K and IS; retained as matched target comparison.,Velocity prediction matched ablation for JLT target comparison.
Joint Latent Transformer for Clean-Latent Prediction in Image Generation,2605.27102,2026-05-28,JLT-B/2,matched clean-latent target ablation,latent_diffusion_vae,DiT,B,vae_latent,FLUX.2 VAE,,,ImageNet-1k,256x256,yes,unknown,FID-50K,14.81,83.05,,,,from_scratch,https://arxiv.org/abs/2605.27102,Project Results: Matched Target Ablation,Project table linked from arXiv reports ImageNet-1K 256x256 FID-50K and IS; patch-size B/2 row preserved separately.,Clean-latent JLT-B/2 row from matched target ablation.
Joint Latent Transformer for Clean-Latent Prediction in Image Generation,2605.27102,2026-05-28,DiT-B/2,matched velocity target ablation,latent_diffusion_vae,DiT,B,vae_latent,FLUX.2 VAE,,,ImageNet-1k,256x256,yes,unknown,FID-50K,28.71,32.93,,,,from_scratch,https://arxiv.org/abs/2605.27102,Project Results: Matched Target Ablation,Project table linked from arXiv reports ImageNet-1K 256x256 FID-50K and IS; retained as matched target comparison.,Velocity-prediction DiT-B/2 row from matched target ablation.
Joint Latent Transformer for Clean-Latent Prediction in Image Generation,2605.27102,2026-05-28,JLT-B/1,final 50-step Heun,latent_diffusion_vae,DiT,B,vae_latent,FLUX.2 VAE,,,ImageNet-1k,256x256,yes,unknown,FID-50K,2.50,218.52,,,50,from_scratch,https://arxiv.org/abs/2605.27102,Project Results: ImageNet-1K 256x256,Project table linked from arXiv reports the final JLT-B/1 50-step Heun ImageNet-1K 256x256 row; exact CFG protocol needs PDF confirmation.,JLT-B/1 clean-latent prediction reaches 2.50 FID-50K at 50 Heun steps.
RSTR: Reducing SpatioTemporal Redundancy in Diffusion Transformers,2512.14096,2025-12-16,RSTR,"DiT-XL/2, sparse CFG schedule, no adaptive caching",diffusion_transformer_acceleration,DiT,XL,vae_latent,VAE,unknown,675,ImageNet-1k,256x256,yes,classifier_free,FID,2.10,263.0,0.819,0.588,50 steps / 8 CFG steps,sampler_only,https://arxiv.org/abs/2512.14096,Table 1,"Updated-after-2026 backfill; Table 1 reports ImageNet 256x256 with 50 DDIM steps and sparse CFG, before adaptive caching. Precision/recall converted from percent-like table values.",RSTR sparse CFG improves DiT-XL/2 ImageNet-256 FID while reducing compute.
RSTR: Reducing SpatioTemporal Redundancy in Diffusion Transformers,2512.14096,2025-12-16,RSTR,"DiT-XL/2, sparse CFG + adaptive rank caching",diffusion_transformer_acceleration,DiT,XL,vae_latent,VAE,unknown,675,ImageNet-1k,256x256,yes,classifier_free,FID,2.04,266.5,0.821,0.587,50 steps / 8 CFG steps,sampler_only,https://arxiv.org/abs/2512.14096,Table 1,Updated-after-2026 backfill; adaptive caching row reports lower MACs/latency and best Table 1 ImageNet 256x256 FID. Precision/recall converted from percent-like table values.,RSTR combines sparse CFG and adaptive caching for faster DiT-XL/2 sampling.
Improved Baselines with Representation Autoencoders,2605.18324,2026-05-18,RAEv2,"DINOv3-L K=7, REPA internal guidance, 80 epochs",latent_diffusion_rae,DiT-DH,XL,rae_latent,DINOv3-L,80,839,ImageNet-1k,256x256,yes,other,gFID,1.06,255.3,,,unknown,from_scratch,https://arxiv.org/abs/2605.18324,Tables 4 and 7,"Table 4 reports REPA Guidance gFID for K=7; Table 7 identifies this as the final guided ImageNet-256 gFID at 80 epochs. Guidance is internal REPA-head guidance, not CFG.",RAEv2 reaches 1.06 gFID on ImageNet-256 in 80 epochs.
Diffusion Image Generation with Explicit Modeling of Data Manifold Geometry,2606.00094,2026-05-25,MIND-B,"80 epochs, no guidance",discrete_continuous_diffusion,DiT,B,other_latent,discrete patch tokenizer,80,130,ImageNet-1k,256x256,yes,none,FID,22.73,56.17,0.55,0.58,250,from_scratch,https://arxiv.org/abs/2606.00094,Table 1,Class-conditional ImageNet 256x256 without guidance; Table S-3 states 250 sampling steps for MIND inference.,MIND-B improves the no-guidance DiT-B/2 ImageNet-256 baseline after 80 epochs.
Diffusion Image Generation with Explicit Modeling of Data Manifold Geometry,2606.00094,2026-05-25,MIND-B-G,"guided, GigaTok/advanced-tokenizer setting",discrete_continuous_diffusion,DiT,B,other_latent,GigaTok/discrete tokenizer,1600,130,ImageNet-1k,256x256,yes,classifier_free,FID,2.06,268.03,0.78,0.62,250,from_scratch,https://arxiv.org/abs/2606.00094,Table 3,Table 3 system-level ImageNet 256x256 comparison; abstract identifies this as guided MIND-B. Exact CFG interval comes from supplementary sampling table but is summarized as classifier-free guidance.,Guided MIND-B reaches 2.06 FID on ImageNet-256.
Diffusion Image Generation with Explicit Modeling of Data Manifold Geometry,2606.00094,2026-05-25,MIND-XL,guided system comparison,discrete_continuous_diffusion,DiT,XL,other_latent,discrete patch tokenizer,1000,715,ImageNet-1k,256x256,yes,classifier_free,FID,1.97,297.93,0.78,0.61,250,from_scratch,https://arxiv.org/abs/2606.00094,Table 3,Table 3 ImageNet 256x256 system-level row; paper reports MIND-XL at 715M parameters.,MIND-XL reaches 1.97 FID in the ImageNet-256 system comparison.
Diffusion Image Generation with Explicit Modeling of Data Manifold Geometry,2606.00094,2026-05-25,MIND-XL-G,"guided, GigaTok/advanced-tokenizer setting",discrete_continuous_diffusion,DiT,XL,other_latent,GigaTok/discrete tokenizer,1600,715,ImageNet-1k,256x256,yes,classifier_free,FID,1.95,293.78,0.75,0.67,250,from_scratch,https://arxiv.org/abs/2606.00094,Table 3,Table 3 ImageNet 256x256 system-level row; retained separately from MIND-XL due different guided/tokenizer variant.,MIND-XL-G reaches 1.95 FID on ImageNet-256.
Diffusion Image Generation with Explicit Modeling of Data Manifold Geometry,2606.00094,2026-05-25,MIND-B-G,one-step FD-loss distillation,discrete_continuous_diffusion,DiT,B,other_latent,GigaTok/discrete tokenizer,1600+40,130,ImageNet-1k,256x256,yes,reported_guidance,FID,0.98,276.41,0.78,0.64,1,distillation,https://arxiv.org/abs/2606.00094,Table 3,Table 3 reports the one-step MIND-B-G row after additional FD-loss distillation; protocol is unusual and should be compared separately from iterative samplers.,One-step distilled MIND-B-G reports 0.98 FID on ImageNet-256.
Complexity-Balanced Diffusion Splitting,2606.06477,2026-06-04,CBS,"SiT-XL/2, complexity split (0.4, 0.77), CFG",flow_matching,SiT,XL,vae_latent,VAE,unknown,675,ImageNet-1k,256x256,yes,classifier_free,FID,4.03,162.23,0.73,0.56,unknown,from_scratch,https://arxiv.org/abs/2606.06477,Table 1,Table 1 reports ImageNet-256 SiT-XL/2 with CFG; active parameter count and per-step GFLOPs match monolithic SiT-XL/2.,CBS improves guided SiT-XL/2 ImageNet-256 FID without extra per-step compute.
CSFlow: Aligning Flow Matching with Human Contrast Sensitivity,2606.08833,2026-06-07,CSFlow,"JiT-H/16, inference weights beta=0.4",flow_matching,JiT,H,pixel,,600,unknown,ImageNet-1k,256x256,yes,classifier_free,FID,1.79,297.5,,,50,sampler_only,https://arxiv.org/abs/2606.08833,Table 2,Table 2 reports ImageNet 256x256 class-to-image with CFG; paper text states Heun sampler with 50 steps and inference-only timestep modification.,CSFlow inference weighting improves JiT-H/16 ImageNet-256 FID.
CSFlow: Aligning Flow Matching with Human Contrast Sensitivity,2606.08833,2026-06-07,CSFlow,"PixelGen-XL/16, inference weights beta=0.5",flow_matching,Transformer,XL,pixel,,160,unknown,ImageNet-1k,256x256,yes,classifier_free,FID,1.87,303.6,,,50,sampler_only,https://arxiv.org/abs/2606.08833,Table 2,Table 2 reports ImageNet 256x256 class-to-image with CFG; PixelGen-XL/16 baseline is preserved separately from JiT-H/16.,CSFlow inference weighting improves PixelGen-XL/16 ImageNet-256 FID.
"Show the Signal, Hide the Noise: Spectral Forcing for Pixel-Space Diffusion",2606.15236,2026-06-13,Spectral Forcing,"JiT-700M/32, linear SF, 60 epochs",pixel_diffusion,JiT,unknown,pixel,,60,700,ImageNet-1k,256x256,yes,classifier_free,FID-50k,20.68,93.96,,,50,from_scratch,https://arxiv.org/abs/2606.15236,Table 3 and Section 4,Table 3 reports FID-50k against the canonical ImageNet-256 reference; Section 4 states Heun-50 with CFG scale 2.9 and the text reports IS 93.96 for this 60-epoch row.,Spectral Forcing improves JiT-700M/32 FID at 60 epochs.
"Show the Signal, Hide the Noise: Spectral Forcing for Pixel-Space Diffusion",2606.15236,2026-06-13,Spectral Forcing,"JiT-700M/32, linear SF, 120 epochs",pixel_diffusion,JiT,unknown,pixel,,120,700,ImageNet-1k,256x256,yes,classifier_free,FID-50k,15.15,,,,50,from_scratch,https://arxiv.org/abs/2606.15236,Table 3 and Figure 4,Table 3/Figure 4 report the 120-epoch JiT-700M/32 Linear-SF ImageNet-256 FID-50k; IS not visible in extracted table text.,Spectral Forcing maintains a stronger JiT-700M/32 FID at 120 epochs.
Distilling Drifting Transformers with Representation Autoencoders,2606.15553,2026-06-14,Drift-RAE,"DiTDH-XL, one-step drifting distillation",latent_diffusion_rae,DiT-DH,XL,rae_latent,RAE,16,839,ImageNet-1k,256x256,yes,reported_guidance,FID,1.77,,0.78,0.63,1,distillation,https://arxiv.org/abs/2606.15553,Table 4,"Table 4 reports ImageNet 256x256 one-step Drift-RAE using DiTDH-XL; paper states 10k distillation steps, about 16 epochs.",Drift-RAE reports 1-step ImageNet-256 FID 1.77 in RAE latent space.
IDEAL: In-DEpth ALignment Makes A Discrete Representation AutoEncoder,2606.11096,2026-06-09,Ideal-B,"AR tokenizer, CFG 1.75",autoregressive,Transformer,B,discrete_token,Ideal tokenizer,300,111,ImageNet-1k,256x256,yes,classifier_free,gFID,3.38,219.8,0.84,0.51,,from_scratch,https://arxiv.org/abs/2606.11096,Table 5,Non-diffusion comparable AR/tokenizer row; images generated at 384 and resized to 256 for evaluation.,IDEAL-B improves AR ImageNet-256 generation with discrete VFM-aligned tokens.
IDEAL: In-DEpth ALignment Makes A Discrete Representation AutoEncoder,2606.11096,2026-06-09,Ideal-L,"AR tokenizer, CFG 1.25",autoregressive,Transformer,L,discrete_token,Ideal tokenizer,300,343,ImageNet-1k,256x256,yes,classifier_free,gFID,2.26,219.71,0.81,0.58,,from_scratch,https://arxiv.org/abs/2606.11096,Table 5,Non-diffusion comparable AR/tokenizer row; images generated at 384 and resized to 256 for evaluation.,IDEAL-L scales the VFM-aligned AR tokenizer to stronger ImageNet-256 gFID.
IDEAL: In-DEpth ALignment Makes A Discrete Representation AutoEncoder,2606.11096,2026-06-09,Ideal-XXL,"AR tokenizer, CFG 1.25",autoregressive,Transformer,XXL,discrete_token,Ideal tokenizer,200,1400,ImageNet-1k,256x256,yes,classifier_free,gFID,1.95,260.2,0.83,0.59,,from_scratch,https://arxiv.org/abs/2606.11096,Table 5,Non-diffusion comparable AR/tokenizer row; images generated at 384 and resized to 256 for evaluation.,IDEAL-XXL reaches sub-2 gFID as an autoregressive ImageNet-256 baseline.
IDEAL: In-DEpth ALignment Makes A Discrete Representation AutoEncoder,2606.11096,2026-06-09,Ideal-3B,"AR tokenizer, CFG 1.25",autoregressive,Transformer,unknown,discrete_token,Ideal tokenizer,200,3100,ImageNet-1k,256x256,yes,classifier_free,gFID,1.89,270.8,0.83,0.59,,from_scratch,https://arxiv.org/abs/2606.11096,Table 5,Non-diffusion comparable AR/tokenizer row; images generated at 384 and resized to 256 for evaluation.,Ideal-3B reports a leading AR ImageNet-256 gFID of 1.89.
Learning When to Denoise: Optimizing Asynchronous Schedules for Latent Diffusion,2606.19662,2026-06-18,LWD-XL,"unguided, 70K iterations",flow_matching,LightningDiT,XL,other_latent,SD-VAE + SemVAE,70K iterations,675,ImageNet-1k,256x256,yes,none,FID,6.89,,,,250,from_scratch,https://arxiv.org/abs/2606.19662,Table 1,Learned asynchronous denoising schedule; unguided convergence row with dopri5 ODE integration.,Learned denoising schedules improve SFD-style ImageNet-256 convergence.
Learning When to Denoise: Optimizing Asynchronous Schedules for Latent Diffusion,2606.19662,2026-06-18,LWD-XL,"unguided, 120K iterations",flow_matching,LightningDiT,XL,other_latent,SD-VAE + SemVAE,120K iterations,675,ImageNet-1k,256x256,yes,none,FID,4.93,,,,250,from_scratch,https://arxiv.org/abs/2606.19662,Table 1,Learned asynchronous denoising schedule; unguided convergence row with dopri5 ODE integration.,Learned denoising schedules improve SFD-style ImageNet-256 convergence.
Learning When to Denoise: Optimizing Asynchronous Schedules for Latent Diffusion,2606.19662,2026-06-18,LWD-XL,"unguided, 400K iterations",flow_matching,LightningDiT,XL,other_latent,SD-VAE + SemVAE,400K iterations,675,ImageNet-1k,256x256,yes,none,FID,2.87,,,,250,from_scratch,https://arxiv.org/abs/2606.19662,Table 1,Learned asynchronous denoising schedule; unguided convergence row with dopri5 ODE integration.,Learned denoising schedules improve SFD-style ImageNet-256 convergence.
Learning When to Denoise: Optimizing Asynchronous Schedules for Latent Diffusion,2606.19662,2026-06-18,LWD-XL,"unguided, 800K iterations",flow_matching,LightningDiT,XL,other_latent,SD-VAE + SemVAE,800K iterations,675,ImageNet-1k,256x256,yes,none,FID,2.53,,,,250,from_scratch,https://arxiv.org/abs/2606.19662,Table 1,Learned asynchronous denoising schedule; unguided convergence row with dopri5 ODE integration.,Learned denoising schedules improve SFD-style ImageNet-256 convergence.
Learning When to Denoise: Optimizing Asynchronous Schedules for Latent Diffusion,2606.19662,2026-06-18,LWD-XL,"unguided, 1M iterations",flow_matching,LightningDiT,XL,other_latent,SD-VAE + SemVAE,1M iterations,675,ImageNet-1k,256x256,yes,none,FID,2.37,,,,250,from_scratch,https://arxiv.org/abs/2606.19662,Table 1,Learned asynchronous denoising schedule; unguided convergence row with dopri5 ODE integration.,Learned denoising schedules improve SFD-style ImageNet-256 convergence.
Learning When to Denoise: Optimizing Asynchronous Schedules for Latent Diffusion,2606.19662,2026-06-18,LWD-XL,"unguided, 2M iterations",flow_matching,LightningDiT,XL,other_latent,SD-VAE + SemVAE,2M iterations,675,ImageNet-1k,256x256,yes,none,FID,2.21,,,,250,from_scratch,https://arxiv.org/abs/2606.19662,Table 1,Learned asynchronous denoising schedule; unguided convergence row with dopri5 ODE integration.,Learned denoising schedules improve SFD-style ImageNet-256 convergence.
Learning When to Denoise: Optimizing Asynchronous Schedules for Latent Diffusion,2606.19662,2026-06-18,LWD-XL,"unguided, 3M iterations",flow_matching,LightningDiT,XL,other_latent,SD-VAE + SemVAE,3M iterations,675,ImageNet-1k,256x256,yes,none,FID,2.14,,,,250,from_scratch,https://arxiv.org/abs/2606.19662,Table 1,Learned asynchronous denoising schedule; unguided convergence row with dopri5 ODE integration.,Learned denoising schedules improve SFD-style ImageNet-256 convergence.
Learning When to Denoise: Optimizing Asynchronous Schedules for Latent Diffusion,2606.19662,2026-06-18,LWD-XL,"AutoGuidance, 80 epochs",flow_matching,LightningDiT,XL,other_latent,SD-VAE + SemVAE,80,675,ImageNet-1k,256x256,yes,autoguidance,FID,1.14,248.4,0.78,0.71,250,from_scratch,https://arxiv.org/abs/2606.19662,Table 2,AutoGuidance uses the SFD-XL weak model setup; sFID=4.00.,Learned asynchronous schedules transfer to strong guided ImageNet-256 FID.
Learning When to Denoise: Optimizing Asynchronous Schedules for Latent Diffusion,2606.19662,2026-06-18,LWD-XL,"AutoGuidance, 200 epochs",flow_matching,LightningDiT,XL,other_latent,SD-VAE + SemVAE,200,675,ImageNet-1k,256x256,yes,autoguidance,FID,1.05,273.0,0.78,0.72,250,from_scratch,https://arxiv.org/abs/2606.19662,Table 2,AutoGuidance uses the SFD-XL weak model setup; sFID=3.75.,Learned asynchronous schedules transfer to strong guided ImageNet-256 FID.
Learning When to Denoise: Optimizing Asynchronous Schedules for Latent Diffusion,2606.19662,2026-06-18,LWD-XL,"AutoGuidance, 600 epochs",flow_matching,LightningDiT,XL,other_latent,SD-VAE + SemVAE,600,675,ImageNet-1k,256x256,yes,autoguidance,FID,1.02,270.8,0.78,0.66,250,from_scratch,https://arxiv.org/abs/2606.19662,Table 2,AutoGuidance uses the SFD-XL weak model setup; sFID=3.79.,Learned asynchronous schedules transfer to strong guided ImageNet-256 FID.
CrossFlow: One-Step Generation Across Latent and Pixel Spaces,2606.19970,2026-06-18,CrossFlow-B,1-NFE latent-to-pixel,flow_matching,ViT,B,latent_to_pixel,VA-VAE encoder,160,95,ImageNet-1k,256x256,yes,none,FID,2.54,,,,1,from_scratch,https://arxiv.org/abs/2606.19970,Table 1 / Section 4.1,One function evaluation; generator maps latent noise directly to pixels without a separate decoder at inference.,CrossFlow gives one-step ImageNet-256 latent-to-pixel generation.
CrossFlow: One-Step Generation Across Latent and Pixel Spaces,2606.19970,2026-06-18,CrossFlow-L,1-NFE latent-to-pixel,flow_matching,ViT,L,latent_to_pixel,VA-VAE encoder,160,315,ImageNet-1k,256x256,yes,none,FID,1.69,,,,1,from_scratch,https://arxiv.org/abs/2606.19970,Table 1 / Section 4.1,One function evaluation; generator maps latent noise directly to pixels without a separate decoder at inference.,CrossFlow gives one-step ImageNet-256 latent-to-pixel generation.
CrossFlow: One-Step Generation Across Latent and Pixel Spaces,2606.19970,2026-06-18,CrossFlow-XL,1-NFE latent-to-pixel,flow_matching,ViT,XL,latent_to_pixel,VA-VAE encoder,160,461,ImageNet-1k,256x256,yes,none,FID,1.62,,,,1,from_scratch,https://arxiv.org/abs/2606.19970,Table 1 / Section 4.1,One function evaluation; generator maps latent noise directly to pixels without a separate decoder at inference.,CrossFlow gives one-step ImageNet-256 latent-to-pixel generation.
Variable-Length Tokenization via Learnable Global Merging for Diffusion Transformers,2606.20076,2026-06-18,LGM VLT,"#tokens=32, 25 sampling steps",latent_diffusion_vae,LightningDiT,XL,other_latent,Learnable Global Merging tokenizer,unknown,675,ImageNet-1k,256x256,yes,classifier_free,gFID,2.89,,,,25,from_scratch,https://arxiv.org/abs/2606.20076,Table 2,Variable-length tokenization pipeline; tokenizer params are 176M and generator params are 675M.,Learnable global merging improves ImageNet-256 gFID/compute tradeoffs for diffusion transformers.
Variable-Length Tokenization via Learnable Global Merging for Diffusion Transformers,2606.20076,2026-06-18,LGM VLT,"#tokens=128, 25 sampling steps",latent_diffusion_vae,LightningDiT,XL,other_latent,Learnable Global Merging tokenizer,unknown,675,ImageNet-1k,256x256,yes,classifier_free,gFID,2.03,,,,25,from_scratch,https://arxiv.org/abs/2606.20076,Table 2,Variable-length tokenization pipeline; tokenizer params are 176M and generator params are 675M.,Learnable global merging improves ImageNet-256 gFID/compute tradeoffs for diffusion transformers.
Variable-Length Tokenization via Learnable Global Merging for Diffusion Transformers,2606.20076,2026-06-18,LGM VLT,"#tokens=32, 100 sampling steps",latent_diffusion_vae,LightningDiT,XL,other_latent,Learnable Global Merging tokenizer,unknown,675,ImageNet-1k,256x256,yes,classifier_free,gFID,2.54,,,,100,from_scratch,https://arxiv.org/abs/2606.20076,Table 2,Variable-length tokenization pipeline; tokenizer params are 176M and generator params are 675M.,Learnable global merging improves ImageNet-256 gFID/compute tradeoffs for diffusion transformers.
Variable-Length Tokenization via Learnable Global Merging for Diffusion Transformers,2606.20076,2026-06-18,LGM VLT,"#tokens=128, 100 sampling steps",latent_diffusion_vae,LightningDiT,XL,other_latent,Learnable Global Merging tokenizer,unknown,675,ImageNet-1k,256x256,yes,classifier_free,gFID,1.86,,,,100,from_scratch,https://arxiv.org/abs/2606.20076,Table 2,Variable-length tokenization pipeline; tokenizer params are 176M and generator params are 675M.,Learnable global merging improves ImageNet-256 gFID/compute tradeoffs for diffusion transformers.
PixelU: A U-Shaped Transformer for Efficient End-to-End Pixel Diffusion,2606.27760,2026-06-26,PixelU-B/16,"U-shaped pixel DiT, CFG",pixel_diffusion,DiT,B,pixel,none,unknown,163.7,ImageNet-1k,256x256,yes,classifier_free,FID,3.40,276.01,,,50,from_scratch,https://arxiv.org/abs/2606.27760,Table 2 / Table 3 / Section 4.1,50 Heun sampling steps with CFG; Table 3 compares against JiT at ImageNet 256x256.,PixelU improves pixel-space diffusion with a simple U-shaped transformer.
PixelU: A U-Shaped Transformer for Efficient End-to-End Pixel Diffusion,2606.27760,2026-06-26,PixelU-L/16,"U-shaped pixel DiT, CFG",pixel_diffusion,DiT,L,pixel,none,unknown,522.8,ImageNet-1k,256x256,yes,classifier_free,FID,2.17,295.88,,,50,from_scratch,https://arxiv.org/abs/2606.27760,Table 2 / Table 3 / Section 4.1,50 Heun sampling steps with CFG; Table 3 compares against JiT at ImageNet 256x256.,PixelU scales the U-shaped pixel diffusion transformer to lower ImageNet-256 FID.
PixelU: A U-Shaped Transformer for Efficient End-to-End Pixel Diffusion,2606.27760,2026-06-26,PixelU-H/16,"U-shaped pixel DiT, CFG",pixel_diffusion,DiT,XL,pixel,none,600,1168.3,ImageNet-1k,256x256,yes,classifier_free,FID,1.63,305.88,,,50,from_scratch,https://arxiv.org/abs/2606.27760,Table 2 / Table 3 / Section 4.1,50 Heun sampling steps with CFG; authors state PixelU-H/16 reaches 1.63 FID after 600 epochs.,PixelU-H/16 reaches 1.63 ImageNet-256 FID in pixel space.
MIMFlow: Integrating Masked Image Modeling with Normalizing Flows for End-to-End Image Generation,2606.26016,2026-06-24,MIMFlow-L,"128-token masked latent, no guidance",normalizing_flow,Transformer,L,other_latent,MIMFlow VAE encoder,90+2,482,ImageNet-1k,256x256,yes,none,gFID,3.64,158.6,0.78,0.60,,from_scratch,https://arxiv.org/abs/2606.26016,Table 3,Class-conditioned ImageNet 256x256; 50K samples; no guidance column.,MIMFlow improves latent normalizing-flow generation with masked semantic latents.
MIMFlow: Integrating Masked Image Modeling with Normalizing Flows for End-to-End Image Generation,2606.26016,2026-06-24,MIMFlow-L,"128-token masked latent, CFG=2.0",normalizing_flow,Transformer,L,other_latent,MIMFlow VAE encoder,90+2,482,ImageNet-1k,256x256,yes,classifier_free,gFID,2.50,233.5,0.82,0.57,,from_scratch,https://arxiv.org/abs/2606.26016,Table 3 / Figure 3,Class-conditioned ImageNet 256x256; Figure 3 states classifier-free guidance equal to 2.0.,MIMFlow-L reports 2.50 guided ImageNet-256 gFID using only 128 latent tokens.
Exposure Bias Can Alleviate Itself via Directional and Frequency Rectification in Flow Matching,2606.28226,2026-06-26,DEFAR,"SiT-B/4, 250k iterations",flow_matching,SiT,B,vae_latent,VAE-ft-EMA,250k iterations,131,ImageNet-1k,256x256,yes,none,FID,60.40,26.21,0.375,0.586,50,from_scratch,https://arxiv.org/abs/2606.28226,Table 1,Table reports without/with CFG; this row is the without-CFG value for 250k iterations.,DEFAR reduces flow-matching exposure bias through directional/frequency rectification.
Exposure Bias Can Alleviate Itself via Directional and Frequency Rectification in Flow Matching,2606.28226,2026-06-26,DEFAR,"SiT-B/4, 250k iterations",flow_matching,SiT,B,vae_latent,VAE-ft-EMA,250k iterations,131,ImageNet-1k,256x256,yes,classifier_free,FID,29.81,58.81,0.531,0.532,50,from_scratch,https://arxiv.org/abs/2606.28226,Table 1,Table reports without/with CFG following SiT; this row is the with-CFG value for 250k iterations.,DEFAR improves guided SiT-B/4 ImageNet-256 FID under comparable budget.
Exposure Bias Can Alleviate Itself via Directional and Frequency Rectification in Flow Matching,2606.28226,2026-06-26,DEFAR,"SiT-B/4, 500k iterations",flow_matching,SiT,B,vae_latent,VAE-ft-EMA,500k iterations,131,ImageNet-1k,256x256,yes,none,FID,56.39,26.62,0.386,0.594,50,from_scratch,https://arxiv.org/abs/2606.28226,Table 1,Table reports without/with CFG; this row is the without-CFG value for 500k iterations.,DEFAR scales the exposure-bias fix to lower unguided ImageNet-256 FID.
Exposure Bias Can Alleviate Itself via Directional and Frequency Rectification in Flow Matching,2606.28226,2026-06-26,DEFAR,"SiT-B/4, 500k iterations",flow_matching,SiT,B,vae_latent,VAE-ft-EMA,500k iterations,131,ImageNet-1k,256x256,yes,classifier_free,FID,28.34,58.94,0.551,0.524,50,from_scratch,https://arxiv.org/abs/2606.28226,Table 1,Table reports without/with CFG following SiT; this row is the with-CFG value for 500k iterations.,DEFAR gives the best main-table guided SiT-B/4 ImageNet-256 row in the paper.
Parallel Rollout Approximation for Pixel-Space Autoregressive Image Generation,2606.27978,2026-06-26,PRA-S,"pixel-space AR, CFG tuned",autoregressive,Transformer,S,pixel,internal pixel decoder,400,135,ImageNet-1k,256x256,yes,classifier_free,FID,2.58,273.9,,,100,from_scratch,https://arxiv.org/abs/2606.27978,Table 2 / Appendix C,Non-diffusion comparable row; diffusion head uses 100 Euler-Maruyama steps plus final Euler per generated token.,PRA-S makes pixel-space AR competitive at small scale.
Parallel Rollout Approximation for Pixel-Space Autoregressive Image Generation,2606.27978,2026-06-26,PRA-B,"pixel-space AR, CFG tuned",autoregressive,Transformer,B,pixel,internal pixel decoder,400,250,ImageNet-1k,256x256,yes,classifier_free,FID,2.21,276.9,,,100,from_scratch,https://arxiv.org/abs/2606.27978,Table 2 / Appendix C,Non-diffusion comparable row; diffusion head uses 100 Euler-Maruyama steps plus final Euler per generated token.,PRA-B improves pixel-space AR ImageNet-256 FID.
Parallel Rollout Approximation for Pixel-Space Autoregressive Image Generation,2606.27978,2026-06-26,PRA-L,"pixel-space AR, CFG tuned",autoregressive,Transformer,L,pixel,internal pixel decoder,400,511,ImageNet-1k,256x256,yes,classifier_free,FID,1.94,287.3,,,100,from_scratch,https://arxiv.org/abs/2606.27978,Table 2 / Appendix C,Non-diffusion comparable row; diffusion head uses 100 Euler-Maruyama steps plus final Euler per generated token.,PRA-L establishes a strong pixel-space AR ImageNet-256 result.
Optimizing Visual Generative Models via Distribution-wise Rewards,2607.02291,2026-07-02,Distribution-wise Reward,"SiT-XL/2 + rejection sampling finetune, +120 steps",flow_matching,SiT,XL,vae_latent,VAE,+120 training steps,675,ImageNet-1k,256x256,yes,unknown,FID-50K,6.98,,,,250,finetune,https://arxiv.org/abs/2607.02291,Table 1 / Section 4.1,Table 1 reports ImageNet 256x256 FID-50K; Section 4.1 states 250 denoising steps during evaluation. Guidance setting is not explicit.,Distribution-wise reward rejection sampling improves SiT-XL/2 ImageNet-256 FID-50K.
Optimizing Visual Generative Models via Distribution-wise Rewards,2607.02291,2026-07-02,Distribution-wise Reward,"SiT-XL/2 + policy-gradient RL finetune, +450 steps",flow_matching,SiT,XL,vae_latent,VAE,+450 training steps,675,ImageNet-1k,256x256,yes,unknown,FID-50K,5.77,,,,250,finetune,https://arxiv.org/abs/2607.02291,Table 1 / Section 4.1 / Table 3,Table 1 reports ImageNet 256x256 FID-50K; Table 3 confirms the 450-step row reaches 5.77 at 250 denoising steps. Guidance setting is not explicit.,Distribution-wise reward RL improves SiT-XL/2 ImageNet-256 FID-50K to 5.77.
From SRA to Self-Flow: Data Augmentation or Self-Supervision?,2607.02508,2026-07-02,SRA-DTS-AS,"SiT-XL/2, self-representation alignment + dual-timestep Attention Separation, CFG",flow_matching,SiT,XL,vae_latent,Stable Diffusion VAE,4M training steps,675,ImageNet-1k,256x256,yes,classifier_free,FID,1.44,,,,unknown,from_scratch,https://arxiv.org/abs/2607.02508,Table 4,Table 4 reports ImageNet 256x256 with CFG for SiT-XL/2 + ours. Other metric columns were not accepted because PDF text extraction wraps them ambiguously.,Attention Separation plus self-representation alignment reports 1.44 FID on ImageNet-256.
Three-Body Scattering for Generative Modeling,2607.18198,2026-07-20,TBSM,"gamma=0.9 eta=1.0, PixelDiT-XL/16 one-step",pixel_diffusion,DiT,XL,pixel,none,unknown,797,ImageNet-1k,256x256,yes,none,FID,2.23,210.0,,,1,finetune,https://arxiv.org/abs/2607.18198,Table 3 / Section 4.3,"One-step, no CFG; initialized from architecture/resolution-matched multi-step checkpoint; values use 50k samples and training-set reference statistics.",TBSM reports one-step PixelDiT-XL ImageNet-256 FID 2.23 without CFG.
Three-Body Scattering for Generative Modeling,2607.18198,2026-07-20,TBSM,"gamma=0.9 eta=0.9, PixelDiT-XL/16 one-step",pixel_diffusion,DiT,XL,pixel,none,unknown,797,ImageNet-1k,256x256,yes,none,FID,2.23,230.9,,,1,finetune,https://arxiv.org/abs/2607.18198,Table 3 / Section 4.3,"One-step, no CFG; eta changes IS while FID rounds to same value; initialized from multi-step checkpoint.",TBSM keeps PixelDiT-XL at FID 2.23 while improving IS under eta=0.9.
Three-Body Scattering for Generative Modeling,2607.18198,2026-07-20,TBSM,"gamma=0.9 eta=0.9, DiT-XL/2 one-step",latent_diffusion_vae,DiT,XL,vae_latent,SD-VAE,unknown,675,ImageNet-1k,256x256,yes,none,FID,1.63,243.0,,,1,finetune,https://arxiv.org/abs/2607.18198,Table 3 / Section 4.3,One-step latent DiT row; no CFG; initialized from architecture/resolution-matched multi-step checkpoint.,TBSM reports one-step latent DiT-XL/2 ImageNet-256 FID 1.63.
ROMS-IMLE: A Minimalist Approach to Competitive Single-Step Generative Modelling,2607.19332,2026-07-21,ROMS-IMLE,"latent EQ-VAE, no rejection",other,Transformer,unknown,other_latent,EQ-VAE,unknown,310,ImageNet-1k,256x256,yes,none,FID-50k,4.16,,0.77,,1,from_scratch,https://arxiv.org/abs/2607.19332,Table 4,Class-conditional ImageNet 256; paper states no classifier-free guidance; recall is wrapped ambiguously in PDF text and left blank.,ROMS-IMLE reaches one-step ImageNet-256 FID 4.16 without rejection.
ROMS-IMLE: A Minimalist Approach to Competitive Single-Step Generative Modelling,2607.19332,2026-07-21,ROMS-IMLE,latent EQ-VAE + round-trip rejection,other,Transformer,unknown,other_latent,EQ-VAE,unknown,310,ImageNet-1k,256x256,yes,none,FID-50k,2.56,,0.79,,1,from_scratch,https://arxiv.org/abs/2607.19332,Table 4 / Appendix A.1,Round-trip rejection removes roughly 5% of generated samples before computing ImageNet metrics; no classifier-free guidance.,ROMS-IMLE plus round-trip rejection improves one-step ImageNet-256 FID to 2.56.
Twins: Learn to Predict Unified Representations with Focal Loss,2607.22531,2026-07-24,Twins Focal Loss,"SigLIP2-B + Flux.2 VAE unified embedding, VAE decoder, 80 epochs",latent_diffusion_vae,DiT,unknown,other_latent,Twins: SigLIP2-B + Flux.2 VAE,80,unknown,ImageNet-1k,256x256,yes,none,gFID,3.84,184.06,0.75,0.59,unknown,from_scratch,https://arxiv.org/abs/2607.22531,Table 3,Class-conditional ImageNet 256x256; table reports gFID/IS/precision/recall with and without guidance; NFE not stated.,Twins focal loss improves unified-representation DiT ImageNet-256 gFID.
Twins: Learn to Predict Unified Representations with Focal Loss,2607.22531,2026-07-24,Twins Focal Loss,"SigLIP2-B + Flux.2 VAE unified embedding, VAE decoder, 80 epochs",latent_diffusion_vae,DiT,unknown,other_latent,Twins: SigLIP2-B + Flux.2 VAE,80,unknown,ImageNet-1k,256x256,yes,classifier_free,gFID,1.59,245.06,0.76,0.64,unknown,from_scratch,https://arxiv.org/abs/2607.22531,Table 3,Class-conditional ImageNet 256x256; table reports gFID/IS/precision/recall with and without guidance; NFE not stated.,Twins focal loss improves unified-representation DiT ImageNet-256 gFID.
Twins: Learn to Predict Unified Representations with Focal Loss,2607.22531,2026-07-24,Twins Focal Loss,"SigLIP2-B + Flux.2 VAE unified embedding, SigLIP2 decoder, 80 epochs",latent_diffusion_vae,DiT,unknown,other_latent,Twins: SigLIP2-B + Flux.2 VAE,80,unknown,ImageNet-1k,256x256,yes,none,gFID,2.50,205.38,0.81,0.57,unknown,from_scratch,https://arxiv.org/abs/2607.22531,Table 3,Class-conditional ImageNet 256x256; table reports gFID/IS/precision/recall with and without guidance; NFE not stated.,Twins focal loss improves unified-representation DiT ImageNet-256 gFID.
Twins: Learn to Predict Unified Representations with Focal Loss,2607.22531,2026-07-24,Twins Focal Loss,"SigLIP2-B + Flux.2 VAE unified embedding, SigLIP2 decoder, 80 epochs",latent_diffusion_vae,DiT,unknown,other_latent,Twins: SigLIP2-B + Flux.2 VAE,80,unknown,ImageNet-1k,256x256,yes,classifier_free,gFID,1.47,248.95,0.80,0.63,unknown,from_scratch,https://arxiv.org/abs/2607.22531,Table 3,Class-conditional ImageNet 256x256; table reports gFID/IS/precision/recall with and without guidance; NFE not stated.,Twins focal loss improves unified-representation DiT ImageNet-256 gFID.
Signed Rectified Flow: Negativity-Controlled Generation,2607.18516,2026-07-20,Signed RF,"state-aware signed guidance, best-FID sweep",guidance,unknown,unknown,vae_latent,KL-16 autoencoder,unknown,unknown,ImageNet-1k,256x256,yes,other,FID,6.68,229.2,0.750,0.474,4,sampler_only,https://arxiv.org/abs/2607.18516,Figure 6 / Appendix C.2 Table 1,Uses pretrained Rectified Flow ImageNet-256 model; 50K class-balanced samples; adaptive state-aware guidance from density-ratio classifier.,Signed RF improves Rectified Flow ImageNet-256 FID via state-aware signed guidance.
Signed Rectified Flow: Negativity-Controlled Generation,2607.18516,2026-07-20,Signed RF,"state-aware signed guidance, best-FID sweep",guidance,unknown,unknown,vae_latent,KL-16 autoencoder,unknown,unknown,ImageNet-1k,256x256,yes,other,FID,2.65,305.9,0.805,0.570,8,sampler_only,https://arxiv.org/abs/2607.18516,Figure 6 / Appendix C.2 Table 1,Uses pretrained Rectified Flow ImageNet-256 model; 50K class-balanced samples; adaptive state-aware guidance from density-ratio classifier.,Signed RF improves Rectified Flow ImageNet-256 FID via state-aware signed guidance.
Signed Rectified Flow: Negativity-Controlled Generation,2607.18516,2026-07-20,Signed RF,"state-aware signed guidance, best-FID sweep",guidance,unknown,unknown,vae_latent,KL-16 autoencoder,unknown,unknown,ImageNet-1k,256x256,yes,other,FID,1.82,296.8,0.801,0.615,16,sampler_only,https://arxiv.org/abs/2607.18516,Figure 6 / Appendix C.2 Table 1,Uses pretrained Rectified Flow ImageNet-256 model; 50K class-balanced samples; adaptive state-aware guidance from density-ratio classifier.,Signed RF improves Rectified Flow ImageNet-256 FID via state-aware signed guidance.
Signed Rectified Flow: Negativity-Controlled Generation,2607.18516,2026-07-20,Signed RF,"state-aware signed guidance, best-FID sweep",guidance,unknown,unknown,vae_latent,KL-16 autoencoder,unknown,unknown,ImageNet-1k,256x256,yes,other,FID,1.51,288.6,0.800,0.629,32,sampler_only,https://arxiv.org/abs/2607.18516,Figure 6 / Appendix C.2 Table 1,Uses pretrained Rectified Flow ImageNet-256 model; 50K class-balanced samples; adaptive state-aware guidance from density-ratio classifier.,Signed RF improves Rectified Flow ImageNet-256 FID via state-aware signed guidance.
Signed Rectified Flow: Negativity-Controlled Generation,2607.18516,2026-07-20,Signed RF,"state-aware signed guidance, best-FID sweep",guidance,unknown,unknown,vae_latent,KL-16 autoencoder,unknown,unknown,ImageNet-1k,256x256,yes,other,FID,1.41,278.2,0.797,0.627,64,sampler_only,https://arxiv.org/abs/2607.18516,Figure 6 / Appendix C.2 Table 1,Uses pretrained Rectified Flow ImageNet-256 model; 50K class-balanced samples; adaptive state-aware guidance from density-ratio classifier.,Signed RF improves Rectified Flow ImageNet-256 FID via state-aware signed guidance.
DiFA: Inference-Time Forward-Process Alignment for Diffusion Models,2607.17972,2026-07-20,DiFA,"SiT-XL/2 ODE solver, no CFG",flow_solver,SiT,XL,vae_latent,VAE,unknown,675,ImageNet-1k,256x256,yes,none,FID,72.3969,31.8312,0.2905,0.5694,5,sampler_only,https://arxiv.org/abs/2607.17972,Table 13,Preliminary no-CFG validation on SiT-XL/2 with ImageNet 256x256; no extra network evaluations.,DiFA improves no-CFG SiT-XL/2 ImageNet-256 few-step FID.
DiFA: Inference-Time Forward-Process Alignment for Diffusion Models,2607.17972,2026-07-20,DiFA,"SiT-XL/2 ODE solver, no CFG",flow_solver,SiT,XL,vae_latent,VAE,unknown,675,ImageNet-1k,256x256,yes,none,FID,21.5990,91.7977,0.5982,0.6256,10,sampler_only,https://arxiv.org/abs/2607.17972,Table 13,Preliminary no-CFG validation on SiT-XL/2 with ImageNet 256x256; no extra network evaluations.,DiFA improves no-CFG SiT-XL/2 ImageNet-256 few-step FID.
DiFA: Inference-Time Forward-Process Alignment for Diffusion Models,2607.17972,2026-07-20,DiFA,"SiT-XL/2 ODE solver, no CFG",flow_solver,SiT,XL,vae_latent,VAE,unknown,675,ImageNet-1k,256x256,yes,none,FID,10.7515,120.2284,0.6676,0.6694,50,sampler_only,https://arxiv.org/abs/2607.17972,Table 13,Preliminary no-CFG validation on SiT-XL/2 with ImageNet 256x256; no extra network evaluations.,DiFA improves no-CFG SiT-XL/2 ImageNet-256 few-step FID.
DiFA: Inference-Time Forward-Process Alignment for Diffusion Models,2607.17972,2026-07-20,DiFA,"SiT-XL/2 Euler, CFG=1.5, refinement scale=1.75",flow_solver,SiT,XL,vae_latent,VAE,unknown,675,ImageNet-1k,256x256,yes,classifier_free,FID,27.61,95.88,0.5400,0.4406,5,sampler_only,https://arxiv.org/abs/2607.17972,Table 14,CFG-enabled FM-adapted DiFA on SiT-XL/2 with ImageNet 256x256; H200 run; no extra network evaluations.,DiFA improves CFG SiT-XL/2 ImageNet-256 FID across solver and NFE budgets.
DiFA: Inference-Time Forward-Process Alignment for Diffusion Models,2607.17972,2026-07-20,DiFA,"SiT-XL/2 Euler, CFG=1.5, refinement scale=1.75",flow_solver,SiT,XL,vae_latent,VAE,unknown,675,ImageNet-1k,256x256,yes,classifier_free,FID,4.20,220.91,0.7912,0.5378,10,sampler_only,https://arxiv.org/abs/2607.17972,Table 14,CFG-enabled FM-adapted DiFA on SiT-XL/2 with ImageNet 256x256; H200 run; no extra network evaluations.,DiFA improves CFG SiT-XL/2 ImageNet-256 FID across solver and NFE budgets.
DiFA: Inference-Time Forward-Process Alignment for Diffusion Models,2607.17972,2026-07-20,DiFA,"SiT-XL/2 Euler, CFG=1.5, refinement scale=1.75",flow_solver,SiT,XL,vae_latent,VAE,unknown,675,ImageNet-1k,256x256,yes,classifier_free,FID,2.41,252.71,0.8121,0.5804,20,sampler_only,https://arxiv.org/abs/2607.17972,Table 14,CFG-enabled FM-adapted DiFA on SiT-XL/2 with ImageNet 256x256; H200 run; no extra network evaluations.,DiFA improves CFG SiT-XL/2 ImageNet-256 FID across solver and NFE budgets.
DiFA: Inference-Time Forward-Process Alignment for Diffusion Models,2607.17972,2026-07-20,DiFA,"SiT-XL/2 Heun2, CFG=1.5, refinement scale=1.75",flow_solver,SiT,XL,vae_latent,VAE,unknown,675,ImageNet-1k,256x256,yes,classifier_free,FID,7.99,183.22,0.7178,0.5560,5,sampler_only,https://arxiv.org/abs/2607.17972,Table 14,CFG-enabled FM-adapted DiFA on SiT-XL/2 with ImageNet 256x256; H200 run; no extra network evaluations.,DiFA improves CFG SiT-XL/2 ImageNet-256 FID across solver and NFE budgets.
DiFA: Inference-Time Forward-Process Alignment for Diffusion Models,2607.17972,2026-07-20,DiFA,"SiT-XL/2 Heun2, CFG=1.5, refinement scale=1.75",flow_solver,SiT,XL,vae_latent,VAE,unknown,675,ImageNet-1k,256x256,yes,classifier_free,FID,2.19,254.45,0.8046,0.5925,10,sampler_only,https://arxiv.org/abs/2607.17972,Table 14,CFG-enabled FM-adapted DiFA on SiT-XL/2 with ImageNet 256x256; H200 run; no extra network evaluations.,DiFA improves CFG SiT-XL/2 ImageNet-256 FID across solver and NFE budgets.
DiFA: Inference-Time Forward-Process Alignment for Diffusion Models,2607.17972,2026-07-20,DiFA,"SiT-XL/2 Heun2, CFG=1.5, refinement scale=1.75",flow_solver,SiT,XL,vae_latent,VAE,unknown,675,ImageNet-1k,256x256,yes,classifier_free,FID,2.01,262.39,0.8117,0.5967,20,sampler_only,https://arxiv.org/abs/2607.17972,Table 14,CFG-enabled FM-adapted DiFA on SiT-XL/2 with ImageNet 256x256; H200 run; no extra network evaluations.,DiFA improves CFG SiT-XL/2 ImageNet-256 FID across solver and NFE budgets.
MMOE: Modernizing Diffusion Transformers with Efficient Expert Design,2607.24665,2026-07-27,MMOE-XL/2,"400k steps, 50-step ODE, CFG=1.5",diffusion_transformer_acceleration,SiT,XL,vae_latent,Stable-Diffusion-style VAE,400k iterations,unknown,ImageNet-1k,256x256,yes,classifier_free,FID,3.75,,,,50,from_scratch,https://arxiv.org/abs/2607.24665,Table I,"Matched internal modernization-path comparison; EMA checkpoints, 50-step ODE, guidance scale 1.5, 50K samples on ImageNet-256.",MMOE improves matched-budget SiT-style ImageNet-256 FID to 3.75.
